2026-06-30 13:07:12.164: [INFO] OnDoneLoading sync enabled: 0
2026-06-30 13:07:35.182: [INFO] OnDoneLoading sync enabled: 0
2026-06-30 13:12:24.689: [INFO] OnDoneLoading sync enabled: 0
2026-06-30 13:19:40.676: [INFO] OnDoneLoading sync enabled: 0
2026-06-30 13:23:27.160: [INFO] OnDoneLoading sync enabled: 0
2026-06-30 13:23:51.705: [INFO] OnDoneLoading sync enabled: 0
2026-06-30 13:23:55.046: [INFO] OnDoneLoading sync enabled: 0
2026-06-30 13:24:20.705: [INFO] OnDoneLoading sync enabled: 0
2026-06-30 13:34:11.164: [INFO] OnDoneLoading sync enabled: 0
2026-06-30 13:34:54.527: [INFO] OnDoneLoading sync enabled: 0
2026-06-30 13:35:50.379: [INFO] OnDoneLoading sync enabled: 0
2026-06-30 13:37:45.974: [INFO] OnDoneLoading sync enabled: 0
2026-06-30 13:40:07.284: [INFO] OnDoneLoading sync enabled: 0
2026-06-30 13:40:37.423: [INFO] OnDoneLoading sync enabled: 0
2026-06-30 13:45:46.483: [INFO] OnDoneLoading sync enabled: 0
2026-06-30 14:57:54.467: [INFO] OnDoneLoading sync enabled: 0
2026-06-30 15:08:49.050: [INFO] OnDoneLoading sync enabled: 0
2026-07-04 06:15:10.660: [INFO] OnDoneLoading sync enabled: 0
2026-07-04 06:38:49.158: [INFO] OnDoneLoading sync enabled: 0
2026-07-04 06:40:11.260: [INFO] OnDoneLoading sync enabled: 0
2026-07-04 06:43:29.753: [INFO] OnDoneLoading sync enabled: 0
2026-07-04 08:43:55.828: [INFO] OnDoneLoading sync enabled: 0
2026-07-04 09:36:35.877: [INFO] OnDoneLoading sync enabled: 0
2026-07-04 09:36:52.830: [INFO] OnDoneLoading sync enabled: 0
2026-07-04 09:40:54.721: [INFO] OnDoneLoading sync enabled: 0
2026-07-04 14:33:16.678: [INFO] OnDoneLoading sync enabled: 0
2026-07-04 14:36:39.016: [INFO] OnDoneLoading sync enabled: 0
2026-07-04 14:36:44.497: [INFO] OnDoneLoading sync enabled: 0
2026-07-04 14:38:32.362: [INFO] OnDoneLoading sync enabled: 0
2026-07-04 15:05:21.083: [INFO] OnDoneLoading sync enabled: 0
2026-07-04 15:16:21.759: [INFO] OnDoneLoading sync enabled: 0
2026-07-05 12:10:55.620: [INFO] OnDoneLoading sync enabled: 0
2026-07-05 12:11:21.657: [INFO] OnDoneLoading sync enabled: 0
2026-07-06 10:44:22.068: [INFO] OnDoneLoading sync enabled: 0
2026-07-06 22:35:05.345: [INFO] OnDoneLoading sync enabled: 0
2026-07-06 22:36:06.850: [INFO] OnDoneLoading sync enabled: 0
2026-07-06 22:41:36.746: [INFO] OnDoneLoading sync enabled: 0
2026-07-06 22:44:18.050: [INFO] OnDoneLoading sync enabled: 0
2026-07-06 22:47:24.195: [INFO] OnDoneLoading sync enabled: 0
2026-07-06 23:00:32.084: [INFO] OnDoneLoading sync enabled: 0
2026-07-06 23:00:56.100: [INFO] OnDoneLoading sync enabled: 0
2026-07-07 10:27:38.604: [INFO] OnDoneLoading sync enabled: 0
2026-07-07 10:54:16.256: [INFO] OnDoneLoading sync enabled: 0
2026-07-07 21:53:21.121: [INFO] OnDoneLoading sync enabled: 0
2026-07-08 11:01:04.842: [INFO] OnDoneLoading sync enabled: 0
2026-07-08 11:05:11.614: [INFO] OnDoneLoading sync enabled: 0
2026-07-09 11:14:46.564: [INFO] OnDoneLoading sync enabled: 0
2026-07-09 11:20:38.152: [INFO] OnDoneLoading sync enabled: 0
2026-07-09 11:29:34.957: [INFO] OnDoneLoading sync enabled: 0
2026-07-09 11:30:51.797: [INFO] OnDoneLoading sync enabled: 0
2026-07-09 11:36:11.084: [INFO] OnDoneLoading sync enabled: 0
2026-07-09 11:36:31.423: [INFO] OnDoneLoading sync enabled: 0
2026-07-10 11:23:43.660: [INFO] OnDoneLoading sync enabled: 0
2026-07-10 11:24:24.540: [INFO] OnDoneLoading sync enabled: 0
2026-07-10 11:27:38.311: [INFO] OnDoneLoading sync enabled: 0
2026-07-10 11:31:20.204: [INFO] OnDoneLoading sync enabled: 0
2026-07-11 04:02:59.606: [INFO] OnDoneLoading sync enabled: 0
2026-07-11 04:03:21.488: [INFO] OnDoneLoading sync enabled: 0
2026-07-11 08:26:46.371: [INFO] OnDoneLoading sync enabled: 0
2026-07-11 08:27:45.084: [INFO] OnDoneLoading sync enabled: 0
2026-07-11 08:28:23.267: [INFO] OnDoneLoading sync enabled: 0
2026-07-12 14:04:06.561: [INFO] OnDoneLoading sync enabled: 0
2026-07-13 10:31:05.163: [INFO] OnDoneLoading sync enabled: 0
2026-07-13 10:57:49.600: [INFO] OnDoneLoading sync enabled: 0
2026-07-13 21:52:27.446: [INFO] OnDoneLoading sync enabled: 0
2026-07-13 22:07:48.630: [INFO] OnDoneLoading sync enabled: 0
2026-07-13 22:14:34.189: [INFO] OnDoneLoading sync enabled: 0
2026-07-13 22:19:40.980: [INFO] OnDoneLoading sync enabled: 0
2026-07-14 10:33:00.031: [INFO] OnDoneLoading sync enabled: 0
2026-07-14 22:22:27.882: [INFO] OnDoneLoading sync enabled: 0
2026-07-14 22:24:38.812: [INFO] OnDoneLoading sync enabled: 0
2026-07-14 22:26:08.405: [INFO] OnDoneLoading sync enabled: 0
2026-07-14 22:30:22.533: [INFO] OnDoneLoading sync enabled: 0
2026-07-14 22:36:12.115: [INFO] OnDoneLoading sync enabled: 0
2026-07-14 22:38:25.372: [INFO] OnDoneLoading sync enabled: 0
2026-07-14 22:41:53.713: [INFO] OnDoneLoading sync enabled: 0
2026-07-14 22:44:20.076: [INFO] OnDoneLoading sync enabled: 0
2026-07-14 22:46:45.992: [INFO] OnDoneLoading sync enabled: 0
2026-07-14 22:47:33.215: [INFO] OnDoneLoading sync enabled: 0
2026-07-14 22:48:58.018: [INFO] OnDoneLoading sync enabled: 0
2026-07-14 22:50:11.062: [INFO] OnDoneLoading sync enabled: 0
2026-07-14 22:51:09.957: [INFO] OnDoneLoading sync enabled: 0
2026-07-14 23:08:42.505: [INFO] OnDoneLoading sync enabled: 0
2026-07-14 23:12:02.270: [INFO] OnDoneLoading sync enabled: 0
2026-07-14 23:13:02.625: [INFO] OnDoneLoading sync enabled: 0
2026-07-14 23:15:22.785: [INFO] OnDoneLoading sync enabled: 0
2026-07-14 23:18:53.544: [INFO] OnDoneLoading sync enabled: 0
2026-07-14 23:21:24.047: [INFO] OnDoneLoading sync enabled: 0
2026-07-14 23:30:12.319: [INFO] OnDoneLoading sync enabled: 0
2026-07-14 23:33:03.626: [INFO] OnDoneLoading sync enabled: 0
2026-07-14 23:36:52.866: [INFO] OnDoneLoading sync enabled: 0
2026-07-14 23:38:05.200: [INFO] OnDoneLoading sync enabled: 0
2026-07-15 10:30:14.344: [INFO] OnDoneLoading sync enabled: 0
2026-07-15 10:30:53.483: [INFO] OnDoneLoading sync enabled: 0
2026-07-15 22:21:49.623: [INFO] OnDoneLoading sync enabled: 0
2026-07-15 22:25:06.259: [INFO] OnDoneLoading sync enabled: 0
2026-07-15 22:28:42.338: [INFO] OnDoneLoading sync enabled: 0
2026-07-16 10:31:10.078: [INFO] OnDoneLoading sync enabled: 0
2026-07-16 10:50:41.169: [INFO] OnDoneLoading sync enabled: 0
2026-07-16 10:52:05.763: [INFO] OnDoneLoading sync enabled: 0
2026-07-16 10:55:41.599: [INFO] OnDoneLoading sync enabled: 0
2026-07-16 11:03:29.615: [INFO] OnDoneLoading sync enabled: 0
2026-07-16 11:09:03.302: [INFO] OnDoneLoading sync enabled: 0
2026-07-16 11:12:54.256: [INFO] OnDoneLoading sync enabled: 0
2026-07-17 08:39:23.777: [INFO] OnDoneLoading sync enabled: 0
2026-07-17 15:01:32.692: [INFO] OnDoneLoading sync enabled: 0
2026-07-17 15:02:23.755: [INFO] OnDoneLoading sync enabled: 0
2026-07-18 05:07:15.704: [INFO] OnDoneLoading sync enabled: 0
2026-07-18 06:43:05.908: [INFO] OnDoneLoading sync enabled: 0
2026-07-18 07:07:50.345: [INFO] OnDoneLoading sync enabled: 0
2026-07-18 09:11:25.678: [INFO] OnDoneLoading sync enabled: 0
2026-07-18 09:11:48.184: [INFO] OnDoneLoading sync enabled: 0
2026-07-18 09:29:55.935: [INFO] OnDoneLoading sync enabled: 0
2026-07-18 09:32:55.483: [INFO] OnDoneLoading sync enabled: 0
2026-07-18 09:59:48.040: [INFO] OnDoneLoading sync enabled: 0
2026-07-18 10:00:34.503: [INFO] OnDoneLoading sync enabled: 0
2026-07-18 10:03:11.270: [INFO] OnDoneLoading sync enabled: 0
2026-07-20 01:06:52.515: [INFO] OnDoneLoading sync enabled: 0
2026-07-20 08:51:28.441: [INFO] OnDoneLoading sync enabled: 0
2026-07-20 09:02:55.698: [INFO] OnDoneLoading sync enabled: 0
2026-07-20 09:31:31.976: [INFO] OnDoneLoading sync enabled: 0
2026-07-20 09:44:24.304: [INFO] OnDoneLoading sync enabled: 0
2026-07-21 08:39:24.861: [INFO] OnDoneLoading sync enabled: 0
2026-07-21 08:40:10.093: [INFO] OnDoneLoading sync enabled: 0
2026-07-21 13:22:38.935: [INFO] OnDoneLoading sync enabled: 0
2026-07-21 13:27:44.715: [INFO] OnDoneLoading sync enabled: 0
2026-07-22 05:36:28.703: [INFO] OnDoneLoading sync enabled: 0
2026-07-22 07:46:01.743: [INFO] OnDoneLoading sync enabled: 0
2026-07-22 07:47:25.126: [INFO] OnDoneLoading sync enabled: 0
2026-07-22 07:48:11.333: [INFO] OnDoneLoading sync enabled: 0
2026-07-22 07:53:02.493: [INFO] OnDoneLoading sync enabled: 0
2026-07-22 07:57:18.809: [INFO] OnDoneLoading sync enabled: 0
2026-07-22 08:12:48.478: [INFO] OnDoneLoading sync enabled: 0
2026-07-22 08:30:05.353: [INFO] OnDoneLoading sync enabled: 0
2026-07-22 08:32:07.970: [INFO] OnDoneLoading sync enabled: 0
2026-07-23 07:48:57.480: [INFO] OnDoneLoading sync enabled: 0
2026-07-23 07:49:27.291: [INFO] OnDoneLoading sync enabled: 0
2026-07-23 08:11:35.429: [INFO] OnDoneLoading sync enabled: 0
2026-07-23 08:50:03.790: [INFO] OnDoneLoading sync enabled: 0
2026-07-23 08:54:42.188: [INFO] OnDoneLoading sync enabled: 0
2026-07-23 09:08:23.635: [INFO] OnDoneLoading sync enabled: 0
2026-07-23 09:12:29.627: [INFO] OnDoneLoading sync enabled: 0
2026-07-23 09:16:01.297: [INFO] OnDoneLoading sync enabled: 0
2026-07-23 09:22:27.623: [INFO] OnDoneLoading sync enabled: 0
2026-07-23 09:36:18.327: [INFO] OnDoneLoading sync enabled: 0
2026-07-23 10:46:17.432: [INFO] OnDoneLoading sync enabled: 0
2026-07-23 15:55:52.762: [INFO] OnDoneLoading sync enabled: 0
2026-07-23 15:56:52.240: [INFO] OnDoneLoading sync enabled: 0
2026-07-23 15:57:22.206: [INFO] OnDoneLoading sync enabled: 0
2026-07-24 10:39:21.126: [INFO] OnDoneLoading sync enabled: 0
2026-07-24 11:00:17.304: [INFO] OnDoneLoading sync enabled: 0
2026-07-24 13:53:45.304: [INFO] OnDoneLoading sync enabled: 0
2026-07-25 05:35:29.173: [INFO] OnDoneLoading sync enabled: 0
2026-07-25 09:08:44.614: [INFO] OnDoneLoading sync enabled: 0
2026-07-28 10:27:13.539: [INFO] OnDoneLoading sync enabled: 0
2026-07-28 10:27:45.410: [INFO] OnDoneLoading sync enabled: 0
2026-07-28 10:42:12.712: [INFO] OnDoneLoading sync enabled: 0
2026-07-28 10:44:21.018: [INFO] OnDoneLoading sync enabled: 0
2026-07-28 10:46:40.072: [INFO] OnDoneLoading sync enabled: 0
2026-07-28 10:49:19.052: [INFO] OnDoneLoading sync enabled: 0
2026-07-28 11:12:19.747: [INFO] OnDoneLoading sync enabled: 0
2026-07-28 11:12:28.765: [INFO] OnDoneLoading sync enabled: 0
2026-07-29 10:35:14.284: [INFO] OnDoneLoading sync enabled: 0
2026-07-29 10:46:25.791: [INFO] OnDoneLoading sync enabled: 0
2026-07-29 10:47:00.891: [INFO] OnDoneLoading sync enabled: 0
2026-07-29 10:48:24.283: [INFO] OnDoneLoading sync enabled: 0
2026-07-29 10:49:04.245: [INFO] OnDoneLoading sync enabled: 0
2026-07-29 11:12:57.707: [INFO] OnDoneLoading sync enabled: 0
2026-07-31 08:35:08.355: [INFO] OnDoneLoading sync enabled: 0
2026-07-31 09:35:40.167: [INFO] OnDoneLoading sync enabled: 0
2026-08-01 09:26:23.105: [INFO] OnDoneLoading sync enabled: 0
2026-08-01 09:27:41.146: [INFO] OnDoneLoading sync enabled: 0
2026-08-01 09:28:11.035: [INFO] OnDoneLoading sync enabled: 0
2026-08-01 09:40:32.192: [INFO] OnDoneLoading sync enabled: 0
2026-08-02 08:23:32.582: [INFO] OnDoneLoading sync enabled: 0
2026-08-02 08:25:48.047: [INFO] OnDoneLoading sync enabled: 0
2026-08-02 08:29:13.972: [INFO] OnDoneLoading sync enabled: 0
2026-08-02 08:31:07.231: [INFO] OnDoneLoading sync enabled: 0
2026-08-02 08:33:09.763: [INFO] OnDoneLoading sync enabled: 0
2026-08-02 08:33:36.545: [INFO] OnDoneLoading sync enabled: 0
2026-08-02 08:35:36.203: [INFO] OnDoneLoading sync enabled: 0
2026-08-02 08:37:58.368: [INFO] OnDoneLoading sync enabled: 0
2026-08-02 08:39:31.502: [INFO] OnDoneLoading sync enabled: 0
2026-08-02 08:39:59.934: [INFO] OnDoneLoading sync enabled: 0
2026-08-02 08:44:49.173: [INFO] OnDoneLoading sync enabled: 0
2026-08-02 09:00:56.885: [INFO] OnDoneLoading sync enabled: 0
2026-08-02 09:05:33.735: [INFO] OnDoneLoading sync enabled: 0
2026-08-03 08:55:44.912: [INFO] OnDoneLoading sync enabled: 0
2026-08-03 08:56:22.545: [INFO] OnDoneLoading sync enabled: 0
2026-08-03 08:58:07.260: [INFO] OnDoneLoading sync enabled: 0
2026-08-03 09:03:14.950: [INFO] OnDoneLoading sync enabled: 0
2026-08-03 09:15:47.652: [INFO] OnDoneLoading sync enabled: 0
2026-08-03 09:17:33.740: [INFO] OnDoneLoading sync enabled: 0
2026-08-03 10:34:30.291: [INFO] OnDoneLoading sync enabled: 0
2026-08-03 10:37:53.692: [INFO] OnDoneLoading sync enabled: 0
2026-08-03 10:47:46.275: [INFO] OnDoneLoading sync enabled: 0
2026-08-04 08:32:05.525: [INFO] OnDoneLoading sync enabled: 0
2026-08-04 09:06:48.365: [INFO] OnDoneLoading sync enabled: 0
2026-08-04 09:07:03.491: [INFO] OnDoneLoading sync enabled: 0
2026-08-04 09:33:29.350: [INFO] OnDoneLoading sync enabled: 0
2026-08-04 09:37:12.563: [INFO] OnDoneLoading sync enabled: 0
2026-08-04 13:41:15.403: [INFO] OnDoneLoading sync enabled: 0
2026-08-05 06:07:49.934: [INFO] OnDoneLoading sync enabled: 0
2026-08-06 08:33:27.171: [INFO] CurrentProfilePath: C:\Users\varsh\eclipse-workspace\.metadata\.plugins\org.eclipse.swt\EBWebView\Default
2026-08-06 08:33:27.171: [INFO] Profiles total count: 1
2026-08-06 08:33:27.172: [INFO] Profile: name=Profile 1 path=C:\Users\varsh\eclipse-workspace\.metadata\.plugins\org.eclipse.swt\EBWebView\Default lastActive=2026-07-25T09:12:03.630Z
2026-08-06 08:33:27.172: [INFO] LastUsedProfileDir: C:\Users\varsh\eclipse-workspace\.metadata\.plugins\org.eclipse.swt\EBWebView\Default
2026-08-06 08:33:27.172: [INFO] MostRecentlyActiveProfile: name=Profile 1 path=C:\Users\varsh\eclipse-workspace\.metadata\.plugins\org.eclipse.swt\EBWebView\Default lastActive=2026-07-25T09:12:03.630Z
2026-08-06 08:33:27.172: [INFO] OnDoneLoading sync enabled: 0
2026-08-06 08:33:27.172: [INFO] BookmarkModelLoaded, ids_reassigned: 0
2026-08-06 08:33:27.172: [INFO] BookmarksLoadDropped droppedNodes=0
2026-08-06 08:33:27.172: [INFO] BookmarksSnapshot Startup total=0 bar=0 other=0 mobile=0 showBar=0 showBarNTP=1
2026-08-06 08:33:34.094: [INFO] BookmarksSnapshot Shutdown total=0 bar=0 other=0 mobile=0 showBar=0 showBarNTP=1
2026-08-06 08:37:31.201: [INFO] CurrentProfilePath: C:\Users\varsh\eclipse-workspace\.metadata\.plugins\org.eclipse.swt\EBWebView\Default
2026-08-06 08:37:31.201: [INFO] Profiles total count: 1
2026-08-06 08:37:31.201: [INFO] Profile: name=Profile 1 path=C:\Users\varsh\eclipse-workspace\.metadata\.plugins\org.eclipse.swt\EBWebView\Default lastActive=2026-07-25T09:12:03.630Z
2026-08-06 08:37:31.201: [INFO] LastUsedProfileDir: C:\Users\varsh\eclipse-workspace\.metadata\.plugins\org.eclipse.swt\EBWebView\Default
2026-08-06 08:37:31.201: [INFO] MostRecentlyActiveProfile: name=Profile 1 path=C:\Users\varsh\eclipse-workspace\.metadata\.plugins\org.eclipse.swt\EBWebView\Default lastActive=2026-07-25T09:12:03.630Z
2026-08-06 08:37:31.201: [INFO] OnDoneLoading sync enabled: 0
2026-08-06 08:37:31.201: [INFO] BookmarkModelLoaded, ids_reassigned: 0
2026-08-06 08:37:31.201: [INFO] BookmarksLoadDropped droppedNodes=0
2026-08-06 08:37:31.201: [INFO] BookmarksSnapshot Startup total=0 bar=0 other=0 mobile=0 showBar=0 showBarNTP=1
2026-08-06 11:39:37.071: [INFO] BookmarksSnapshot Shutdown total=0 bar=0 other=0 mobile=0 showBar=0 showBarNTP=1
2026-08-07 05:59:34.705: [INFO] CurrentProfilePath: C:\Users\varsh\eclipse-workspace\.metadata\.plugins\org.eclipse.swt\EBWebView\Default
2026-08-07 05:59:34.705: [INFO] Profiles total count: 1
2026-08-07 05:59:34.706: [INFO] Profile: name=Profile 1 path=C:\Users\varsh\eclipse-workspace\.metadata\.plugins\org.eclipse.swt\EBWebView\Default lastActive=2026-07-25T09:12:03.630Z
2026-08-07 05:59:34.706: [INFO] LastUsedProfileDir: C:\Users\varsh\eclipse-workspace\.metadata\.plugins\org.eclipse.swt\EBWebView\Default
2026-08-07 05:59:34.706: [INFO] MostRecentlyActiveProfile: name=Profile 1 path=C:\Users\varsh\eclipse-workspace\.metadata\.plugins\org.eclipse.swt\EBWebView\Default lastActive=2026-07-25T09:12:03.630Z
2026-08-07 05:59:34.706: [INFO] OnDoneLoading sync enabled: 0
2026-08-07 05:59:34.706: [INFO] BookmarkModelLoaded, ids_reassigned: 0
2026-08-07 05:59:34.706: [INFO] BookmarksLoadDropped droppedNodes=0
2026-08-07 05:59:34.706: [INFO] BookmarksSnapshot Startup total=0 bar=0 other=0 mobile=0 showBar=0 showBarNTP=1
2026-08-07 06:01:32.835: [INFO] BookmarksSnapshot Shutdown total=0 bar=0 other=0 mobile=0 showBar=0 showBarNTP=1
2026-08-07 06:02:32.111: [INFO] CurrentProfilePath: C:\Users\varsh\eclipse-workspace\.metadata\.plugins\org.eclipse.swt\EBWebView\Default
2026-08-07 06:02:32.111: [INFO] Profiles total count: 1
2026-08-07 06:02:32.112: [INFO] Profile: name=Profile 1 path=C:\Users\varsh\eclipse-workspace\.metadata\.plugins\org.eclipse.swt\EBWebView\Default lastActive=2026-07-25T09:12:03.630Z
2026-08-07 06:02:32.112: [INFO] LastUsedProfileDir: C:\Users\varsh\eclipse-workspace\.metadata\.plugins\org.eclipse.swt\EBWebView\Default
2026-08-07 06:02:32.112: [INFO] MostRecentlyActiveProfile: name=Profile 1 path=C:\Users\varsh\eclipse-workspace\.metadata\.plugins\org.eclipse.swt\EBWebView\Default lastActive=2026-07-25T09:12:03.630Z
2026-08-07 06:02:32.112: [INFO] OnDoneLoading sync enabled: 0
2026-08-07 06:02:32.112: [INFO] BookmarkModelLoaded, ids_reassigned: 0
2026-08-07 06:02:32.112: [INFO] BookmarksLoadDropped droppedNodes=0
2026-08-07 06:02:32.112: [INFO] BookmarksSnapshot Startup total=0 bar=0 other=0 mobile=0 showBar=0 showBarNTP=1
2026-08-07 07:26:37.593: [INFO] BookmarksSnapshot Shutdown total=0 bar=0 other=0 mobile=0 showBar=0 showBarNTP=1
2026-08-07 15:22:50.091: [INFO] CurrentProfilePath: C:\Users\varsh\eclipse-workspace\.metadata\.plugins\org.eclipse.swt\EBWebView\Default
2026-08-07 15:22:50.091: [INFO] Profiles total count: 1
2026-08-07 15:22:50.092: [INFO] Profile: name=Profile 1 path=C:\Users\varsh\eclipse-workspace\.metadata\.plugins\org.eclipse.swt\EBWebView\Default lastActive=2026-07-25T09:12:03.630Z
2026-08-07 15:22:50.092: [INFO] LastUsedProfileDir: C:\Users\varsh\eclipse-workspace\.metadata\.plugins\org.eclipse.swt\EBWebView\Default
2026-08-07 15:22:50.092: [INFO] MostRecentlyActiveProfile: name=Profile 1 path=C:\Users\varsh\eclipse-workspace\.metadata\.plugins\org.eclipse.swt\EBWebView\Default lastActive=2026-07-25T09:12:03.630Z
2026-08-07 15:22:50.092: [INFO] OnDoneLoading sync enabled: 0
2026-08-07 15:22:50.092: [INFO] BookmarkModelLoaded, ids_reassigned: 0
2026-08-07 15:22:50.092: [INFO] BookmarksLoadDropped droppedNodes=0
2026-08-07 15:22:50.092: [INFO] BookmarksSnapshot Startup total=0 bar=0 other=0 mobile=0 showBar=0 showBarNTP=1
2026-08-07 15:23:29.039: [INFO] BookmarksSnapshot Shutdown total=0 bar=0 other=0 mobile=0 showBar=0 showBarNTP=1
2026-08-09 03:58:19.711: [INFO] CurrentProfilePath: C:\Users\varsh\eclipse-workspace\.metadata\.plugins\org.eclipse.swt\EBWebView\Default
2026-08-09 03:58:19.711: [INFO] Profiles total count: 1
2026-08-09 03:58:19.712: [INFO] Profile: name=Profile 1 path=C:\Users\varsh\eclipse-workspace\.metadata\.plugins\org.eclipse.swt\EBWebView\Default lastActive=2026-07-25T09:12:03.630Z
2026-08-09 03:58:19.712: [INFO] LastUsedProfileDir: C:\Users\varsh\eclipse-workspace\.metadata\.plugins\org.eclipse.swt\EBWebView\Default
2026-08-09 03:58:19.712: [INFO] MostRecentlyActiveProfile: name=Profile 1 path=C:\Users\varsh\eclipse-workspace\.metadata\.plugins\org.eclipse.swt\EBWebView\Default lastActive=2026-07-25T09:12:03.630Z
2026-08-09 03:58:19.712: [INFO] OnDoneLoading sync enabled: 0
2026-08-09 03:58:19.712: [INFO] BookmarkModelLoaded, ids_reassigned: 0
2026-08-09 03:58:19.712: [INFO] BookmarksLoadDropped droppedNodes=0
2026-08-09 03:58:19.712: [INFO] BookmarksSnapshot Startup total=0 bar=0 other=0 mobile=0 showBar=0 showBarNTP=1
2026-08-09 03:58:35.023: [INFO] BookmarksSnapshot Shutdown total=0 bar=0 other=0 mobile=0 showBar=0 showBarNTP=1
2026-08-10 10:38:01.570: [INFO] CurrentProfilePath: C:\Users\varsh\eclipse-workspace\.metadata\.plugins\org.eclipse.swt\EBWebView\Default
2026-08-10 10:38:01.570: [INFO] Profiles total count: 1
2026-08-10 10:38:01.571: [INFO] Profile: name=Profile 1 path=C:\Users\varsh\eclipse-workspace\.metadata\.plugins\org.eclipse.swt\EBWebView\Default lastActive=2026-08-09T03:58:31.890Z
2026-08-10 10:38:01.571: [INFO] LastUsedProfileDir: C:\Users\varsh\eclipse-workspace\.metadata\.plugins\org.eclipse.swt\EBWebView\Default
2026-08-10 10:38:01.571: [INFO] MostRecentlyActiveProfile: name=Profile 1 path=C:\Users\varsh\eclipse-workspace\.metadata\.plugins\org.eclipse.swt\EBWebView\Default lastActive=2026-08-09T03:58:31.890Z
2026-08-10 10:38:01.571: [INFO] OnDoneLoading sync enabled: 0
2026-08-10 10:38:01.571: [INFO] BookmarkModelLoaded, ids_reassigned: 0
2026-08-10 10:38:01.571: [INFO] BookmarksLoadDropped droppedNodes=0
2026-08-10 10:38:01.571: [INFO] BookmarksSnapshot Startup total=0 bar=0 other=0 mobile=0 showBar=0 showBarNTP=1
2026-08-10 11:49:10.621: [INFO] BookmarksSnapshot Shutdown total=0 bar=0 other=0 mobile=0 showBar=0 showBarNTP=1
2026-08-11 15:40:43.091: [INFO] CurrentProfilePath: C:\Users\varsh\eclipse-workspace\.metadata\.plugins\org.eclipse.swt\EBWebView\Default
2026-08-11 15:40:43.091: [INFO] Profiles total count: 1
2026-08-11 15:40:43.092: [INFO] Profile: name=Profile 1 path=C:\Users\varsh\eclipse-workspace\.metadata\.plugins\org.eclipse.swt\EBWebView\Default lastActive=2026-08-09T03:58:31.890Z
2026-08-11 15:40:43.092: [INFO] LastUsedProfileDir: C:\Users\varsh\eclipse-workspace\.metadata\.plugins\org.eclipse.swt\EBWebView\Default
2026-08-11 15:40:43.092: [INFO] MostRecentlyActiveProfile: name=Profile 1 path=C:\Users\varsh\eclipse-workspace\.metadata\.plugins\org.eclipse.swt\EBWebView\Default lastActive=2026-08-09T03:58:31.890Z
2026-08-11 15:40:43.092: [INFO] OnDoneLoading sync enabled: 0
2026-08-11 15:40:43.092: [INFO] BookmarkModelLoaded, ids_reassigned: 0
2026-08-11 15:40:43.092: [INFO] BookmarksLoadDropped droppedNodes=0
2026-08-11 15:40:43.092: [INFO] BookmarksSnapshot Startup total=0 bar=0 other=0 mobile=0 showBar=0 showBarNTP=1
2026-08-11 15:45:33.772: [INFO] BookmarksSnapshot Shutdown total=0 bar=0 other=0 mobile=0 showBar=0 showBarNTP=1
2026-08-11 15:47:00.844: [INFO] CurrentProfilePath: C:\Users\varsh\eclipse-workspace\.metadata\.plugins\org.eclipse.swt\EBWebView\Default
2026-08-11 15:47:00.844: [INFO] Profiles total count: 1
2026-08-11 15:47:00.844: [INFO] Profile: name=Profile 1 path=C:\Users\varsh\eclipse-workspace\.metadata\.plugins\org.eclipse.swt\EBWebView\Default lastActive=2026-08-11T15:45:31.326Z
2026-08-11 15:47:00.844: [INFO] LastUsedProfileDir: C:\Users\varsh\eclipse-workspace\.metadata\.plugins\org.eclipse.swt\EBWebView\Default
2026-08-11 15:47:00.844: [INFO] MostRecentlyActiveProfile: name=Profile 1 path=C:\Users\varsh\eclipse-workspace\.metadata\.plugins\org.eclipse.swt\EBWebView\Default lastActive=2026-08-11T15:45:31.326Z
2026-08-11 15:47:00.844: [INFO] OnDoneLoading sync enabled: 0
2026-08-11 15:47:00.845: [INFO] BookmarkModelLoaded, ids_reassigned: 0
2026-08-11 15:47:00.845: [INFO] BookmarksLoadDropped droppedNodes=0
2026-08-11 15:47:00.845: [INFO] BookmarksSnapshot Startup total=0 bar=0 other=0 mobile=0 showBar=0 showBarNTP=1
2026-08-12 01:56:05.383: [INFO] BookmarksSnapshot Shutdown total=0 bar=0 other=0 mobile=0 showBar=0 showBarNTP=1
2026-08-17 04:04:13.369: [INFO] CurrentProfilePath: C:\Users\varsh\eclipse-workspace\.metadata\.plugins\org.eclipse.swt\EBWebView\Default
2026-08-17 04:04:13.369: [INFO] Profiles total count: 1
2026-08-17 04:04:13.370: [INFO] Profile: name=Profile 1 path=C:\Users\varsh\eclipse-workspace\.metadata\.plugins\org.eclipse.swt\EBWebView\Default lastActive=2026-08-11T15:45:31.326Z
2026-08-17 04:04:13.370: [INFO] LastUsedProfileDir: C:\Users\varsh\eclipse-workspace\.metadata\.plugins\org.eclipse.swt\EBWebView\Default
2026-08-17 04:04:13.370: [INFO] MostRecentlyActiveProfile: name=Profile 1 path=C:\Users\varsh\eclipse-workspace\.metadata\.plugins\org.eclipse.swt\EBWebView\Default lastActive=2026-08-11T15:45:31.326Z
2026-08-17 04:04:13.370: [INFO] OnDoneLoading sync enabled: 0
2026-08-17 04:04:13.370: [INFO] BookmarkModelLoaded, ids_reassigned: 0
2026-08-17 04:04:13.370: [INFO] BookmarksLoadDropped droppedNodes=0
2026-08-17 04:04:13.370: [INFO] BookmarksSnapshot Startup total=0 bar=0 other=0 mobile=0 showBar=0 showBarNTP=1
2026-08-17 04:04:47.771: [INFO] BookmarksSnapshot Shutdown total=0 bar=0 other=0 mobile=0 showBar=0 showBarNTP=1
2026-08-19 08:33:51.498: [INFO] CurrentProfilePath: C:\Users\varsh\eclipse-workspace\.metadata\.plugins\org.eclipse.swt\EBWebView\Default
2026-08-19 08:33:51.498: [INFO] Profiles total count: 1
2026-08-19 08:33:51.498: [INFO] Profile: name=Profile 1 path=C:\Users\varsh\eclipse-workspace\.metadata\.plugins\org.eclipse.swt\EBWebView\Default lastActive=2026-08-17T04:04:42.922Z
2026-08-19 08:33:51.498: [INFO] LastUsedProfileDir: C:\Users\varsh\eclipse-workspace\.metadata\.plugins\org.eclipse.swt\EBWebView\Default
2026-08-19 08:33:51.499: [INFO] MostRecentlyActiveProfile: name=Profile 1 path=C:\Users\varsh\eclipse-workspace\.metadata\.plugins\org.eclipse.swt\EBWebView\Default lastActive=2026-08-17T04:04:42.922Z
2026-08-19 08:33:51.499: [INFO] OnDoneLoading sync enabled: 0
2026-08-19 08:33:51.499: [INFO] BookmarkModelLoaded, ids_reassigned: 0
2026-08-19 08:33:51.499: [INFO] BookmarksLoadDropped droppedNodes=0
2026-08-19 08:33:51.499: [INFO] BookmarksSnapshot Startup total=0 bar=0 other=0 mobile=0 showBar=0 showBarNTP=1
2026-08-19 08:36:03.526: [INFO] BookmarksSnapshot Shutdown total=0 bar=0 other=0 mobile=0 showBar=0 showBarNTP=1
2026-08-20 05:56:41.964: [INFO] CurrentProfilePath: C:\Users\varsh\eclipse-workspace\.metadata\.plugins\org.eclipse.swt\EBWebView\Default
2026-08-20 05:56:41.964: [INFO] Profiles total count: 1
2026-08-20 05:56:41.965: [INFO] Profile: name=Profile 1 path=C:\Users\varsh\eclipse-workspace\.metadata\.plugins\org.eclipse.swt\EBWebView\Default lastActive=2026-08-19T08:36:01.236Z
2026-08-20 05:56:41.965: [INFO] LastUsedProfileDir: C:\Users\varsh\eclipse-workspace\.metadata\.plugins\org.eclipse.swt\EBWebView\Default
2026-08-20 05:56:41.965: [INFO] MostRecentlyActiveProfile: name=Profile 1 path=C:\Users\varsh\eclipse-workspace\.metadata\.plugins\org.eclipse.swt\EBWebView\Default lastActive=2026-08-19T08:36:01.236Z
2026-08-20 05:56:41.965: [INFO] OnDoneLoading sync enabled: 0
2026-08-20 05:56:41.965: [INFO] BookmarkModelLoaded, ids_reassigned: 0
2026-08-20 05:56:41.965: [INFO] BookmarksLoadDropped droppedNodes=0
2026-08-20 05:56:41.965: [INFO] BookmarksSnapshot Startup total=0 bar=0 other=0 mobile=0 showBar=0 showBarNTP=1
2026-08-20 06:37:36.146: [INFO] BookmarksSnapshot Shutdown total=0 bar=0 other=0 mobile=0 showBar=0 showBarNTP=1
2026-08-20 06:40:24.352: [INFO] CurrentProfilePath: C:\Users\varsh\eclipse-workspace\.metadata\.plugins\org.eclipse.swt\EBWebView\Default
2026-08-20 06:40:24.352: [INFO] Profiles total count: 1
2026-08-20 06:40:24.353: [INFO] Profile: name=Profile 1 path=C:\Users\varsh\eclipse-workspace\.metadata\.plugins\org.eclipse.swt\EBWebView\Default lastActive=2026-08-20T06:37:32.752Z
2026-08-20 06:40:24.353: [INFO] LastUsedProfileDir: C:\Users\varsh\eclipse-workspace\.metadata\.plugins\org.eclipse.swt\EBWebView\Default
2026-08-20 06:40:24.353: [INFO] MostRecentlyActiveProfile: name=Profile 1 path=C:\Users\varsh\eclipse-workspace\.metadata\.plugins\org.eclipse.swt\EBWebView\Default lastActive=2026-08-20T06:37:32.752Z
2026-08-20 06:40:24.353: [INFO] OnDoneLoading sync enabled: 0
2026-08-20 06:40:24.353: [INFO] BookmarkModelLoaded, ids_reassigned: 0
2026-08-20 06:40:24.353: [INFO] BookmarksLoadDropped droppedNodes=0
2026-08-20 06:40:24.353: [INFO] BookmarksSnapshot Startup total=0 bar=0 other=0 mobile=0 showBar=0 showBarNTP=1
2026-08-20 06:42:08.213: [INFO] BookmarksSnapshot Shutdown total=0 bar=0 other=0 mobile=0 showBar=0 showBarNTP=1
2026-08-21 09:24:03.941: [INFO] CurrentProfilePath: C:\Users\varsh\eclipse-workspace\.metadata\.plugins\org.eclipse.swt\EBWebView\Default
2026-08-21 09:24:03.942: [INFO] Profiles total count: 1
2026-08-21 09:24:03.942: [INFO] Profile: name=Profile 1 path=C:\Users\varsh\eclipse-workspace\.metadata\.plugins\org.eclipse.swt\EBWebView\Default lastActive=2026-08-20T06:37:32.752Z
2026-08-21 09:24:03.942: [INFO] LastUsedProfileDir: C:\Users\varsh\eclipse-workspace\.metadata\.plugins\org.eclipse.swt\EBWebView\Default
2026-08-21 09:24:03.942: [INFO] MostRecentlyActiveProfile: name=Profile 1 path=C:\Users\varsh\eclipse-workspace\.metadata\.plugins\org.eclipse.swt\EBWebView\Default lastActive=2026-08-20T06:37:32.752Z
2026-08-21 09:24:03.942: [INFO] OnDoneLoading sync enabled: 0
2026-08-21 09:24:03.942: [INFO] BookmarkModelLoaded, ids_reassigned: 0
2026-08-21 09:24:03.942: [INFO] BookmarksLoadDropped droppedNodes=0
2026-08-21 09:24:03.942: [INFO] BookmarksSnapshot Startup total=0 bar=0 other=0 mobile=0 showBar=0 showBarNTP=1
2026-08-21 09:24:18.633: [INFO] BookmarksSnapshot Shutdown total=0 bar=0 other=0 mobile=0 showBar=0 showBarNTP=1
2026-08-22 07:07:48.511: [INFO] CurrentProfilePath: C:\Users\varsh\eclipse-workspace\.metadata\.plugins\org.eclipse.swt\EBWebView\Default
2026-08-22 07:07:48.511: [INFO] Profiles total count: 1
2026-08-22 07:07:48.512: [INFO] Profile: name=Profile 1 path=C:\Users\varsh\eclipse-workspace\.metadata\.plugins\org.eclipse.swt\EBWebView\Default lastActive=2026-08-21T09:24:16.283Z
2026-08-22 07:07:48.512: [INFO] LastUsedProfileDir: C:\Users\varsh\eclipse-workspace\.metadata\.plugins\org.eclipse.swt\EBWebView\Default
2026-08-22 07:07:48.512: [INFO] MostRecentlyActiveProfile: name=Profile 1 path=C:\Users\varsh\eclipse-workspace\.metadata\.plugins\org.eclipse.swt\EBWebView\Default lastActive=2026-08-21T09:24:16.283Z
2026-08-22 07:07:48.512: [INFO] OnDoneLoading sync enabled: 0
2026-08-22 07:07:48.512: [INFO] BookmarkModelLoaded, ids_reassigned: 0
2026-08-22 07:07:48.512: [INFO] BookmarksLoadDropped droppedNodes=0
2026-08-22 07:07:48.512: [INFO] BookmarksSnapshot Startup total=0 bar=0 other=0 mobile=0 showBar=0 showBarNTP=1
2026-08-22 07:12:11.170: [INFO] BookmarksSnapshot Shutdown total=0 bar=0 other=0 mobile=0 showBar=0 showBarNTP=1
2026-08-22 07:14:08.687: [INFO] CurrentProfilePath: C:\Users\varsh\eclipse-workspace\.metadata\.plugins\org.eclipse.swt\EBWebView\Default
2026-08-22 07:14:08.687: [INFO] Profiles total count: 1
2026-08-22 07:14:08.687: [INFO] Profile: name=Profile 1 path=C:\Users\varsh\eclipse-workspace\.metadata\.plugins\org.eclipse.swt\EBWebView\Default lastActive=2026-08-21T09:24:16.283Z
2026-08-22 07:14:08.687: [INFO] LastUsedProfileDir: C:\Users\varsh\eclipse-workspace\.metadata\.plugins\org.eclipse.swt\EBWebView\Default
2026-08-22 07:14:08.687: [INFO] MostRecentlyActiveProfile: name=Profile 1 path=C:\Users\varsh\eclipse-workspace\.metadata\.plugins\org.eclipse.swt\EBWebView\Default lastActive=2026-08-21T09:24:16.283Z
2026-08-22 07:14:08.687: [INFO] OnDoneLoading sync enabled: 0
2026-08-22 07:14:08.687: [INFO] BookmarkModelLoaded, ids_reassigned: 0
2026-08-22 07:14:08.687: [INFO] BookmarksLoadDropped droppedNodes=0
2026-08-22 07:14:08.687: [INFO] BookmarksSnapshot Startup total=0 bar=0 other=0 mobile=0 showBar=0 showBarNTP=1
2026-08-22 07:14:11.270: [INFO] BookmarksSnapshot Shutdown total=0 bar=0 other=0 mobile=0 showBar=0 showBarNTP=1
2026-08-22 07:14:55.861: [INFO] CurrentProfilePath: C:\Users\varsh\eclipse-workspace\.metadata\.plugins\org.eclipse.swt\EBWebView\Default
2026-08-22 07:14:55.861: [INFO] Profiles total count: 1
2026-08-22 07:14:55.861: [INFO] Profile: name=Profile 1 path=C:\Users\varsh\eclipse-workspace\.metadata\.plugins\org.eclipse.swt\EBWebView\Default lastActive=2026-08-21T09:24:16.283Z
2026-08-22 07:14:55.861: [INFO] LastUsedProfileDir: C:\Users\varsh\eclipse-workspace\.metadata\.plugins\org.eclipse.swt\EBWebView\Default
2026-08-22 07:14:55.861: [INFO] MostRecentlyActiveProfile: name=Profile 1 path=C:\Users\varsh\eclipse-workspace\.metadata\.plugins\org.eclipse.swt\EBWebView\Default lastActive=2026-08-21T09:24:16.283Z
2026-08-22 07:14:55.861: [INFO] OnDoneLoading sync enabled: 0
2026-08-22 07:14:55.862: [INFO] BookmarkModelLoaded, ids_reassigned: 0
2026-08-22 07:14:55.862: [INFO] BookmarksLoadDropped droppedNodes=0
2026-08-22 07:14:55.862: [INFO] BookmarksSnapshot Startup total=0 bar=0 other=0 mobile=0 showBar=0 showBarNTP=1
2026-08-22 09:06:10.988: [INFO] BookmarksSnapshot Shutdown total=0 bar=0 other=0 mobile=0 showBar=0 showBarNTP=1
2026-08-24 04:00:20.441: [INFO] CurrentProfilePath: C:\Users\varsh\eclipse-workspace\.metadata\.plugins\org.eclipse.swt\EBWebView\Default
2026-08-24 04:00:20.441: [INFO] Profiles total count: 1
2026-08-24 04:00:20.441: [INFO] Profile: name=Profile 1 path=C:\Users\varsh\eclipse-workspace\.metadata\.plugins\org.eclipse.swt\EBWebView\Default lastActive=2026-08-21T09:24:16.283Z
2026-08-24 04:00:20.441: [INFO] LastUsedProfileDir: C:\Users\varsh\eclipse-workspace\.metadata\.plugins\org.eclipse.swt\EBWebView\Default
2026-08-24 04:00:20.441: [INFO] MostRecentlyActiveProfile: name=Profile 1 path=C:\Users\varsh\eclipse-workspace\.metadata\.plugins\org.eclipse.swt\EBWebView\Default lastActive=2026-08-21T09:24:16.283Z
2026-08-24 04:00:20.441: [INFO] OnDoneLoading sync enabled: 0
2026-08-24 04:00:20.441: [INFO] BookmarkModelLoaded, ids_reassigned: 0
2026-08-24 04:00:20.441: [INFO] BookmarksLoadDropped droppedNodes=0
2026-08-24 04:00:20.441: [INFO] BookmarksSnapshot Startup total=0 bar=0 other=0 mobile=0 showBar=0 showBarNTP=1
2026-08-24 04:00:27.549: [INFO] BookmarksSnapshot Shutdown total=0 bar=0 other=0 mobile=0 showBar=0 showBarNTP=1
2026-08-24 04:01:50.847: [INFO] CurrentProfilePath: C:\Users\varsh\eclipse-workspace\.metadata\.plugins\org.eclipse.swt\EBWebView\Default
2026-08-24 04:01:50.847: [INFO] Profiles total count: 1
2026-08-24 04:01:50.848: [INFO] Profile: name=Profile 1 path=C:\Users\varsh\eclipse-workspace\.metadata\.plugins\org.eclipse.swt\EBWebView\Default lastActive=2026-08-21T09:24:16.283Z
2026-08-24 04:01:50.848: [INFO] LastUsedProfileDir: C:\Users\varsh\eclipse-workspace\.metadata\.plugins\org.eclipse.swt\EBWebView\Default
2026-08-24 04:01:50.848: [INFO] MostRecentlyActiveProfile: name=Profile 1 path=C:\Users\varsh\eclipse-workspace\.metadata\.plugins\org.eclipse.swt\EBWebView\Default lastActive=2026-08-21T09:24:16.283Z
2026-08-24 04:01:50.848: [INFO] OnDoneLoading sync enabled: 0
2026-08-24 04:01:50.848: [INFO] BookmarkModelLoaded, ids_reassigned: 0
2026-08-24 04:01:50.848: [INFO] BookmarksLoadDropped droppedNodes=0
2026-08-24 04:01:50.848: [INFO] BookmarksSnapshot Startup total=0 bar=0 other=0 mobile=0 showBar=0 showBarNTP=1
2026-08-24 11:06:38.735: [INFO] BookmarksSnapshot Shutdown total=0 bar=0 other=0 mobile=0 showBar=0 showBarNTP=1
2026-08-26 14:53:28.665: [INFO] CurrentProfilePath: C:\Users\varsh\eclipse-workspace\.metadata\.plugins\org.eclipse.swt\EBWebView\Default
2026-08-26 14:53:28.666: [INFO] Profiles total count: 1
2026-08-26 14:53:28.666: [INFO] Profile: name=Profile 1 path=C:\Users\varsh\eclipse-workspace\.metadata\.plugins\org.eclipse.swt\EBWebView\Default lastActive=2026-08-21T09:24:16.283Z
2026-08-26 14:53:28.666: [INFO] LastUsedProfileDir: C:\Users\varsh\eclipse-workspace\.metadata\.plugins\org.eclipse.swt\EBWebView\Default
2026-08-26 14:53:28.666: [INFO] MostRecentlyActiveProfile: name=Profile 1 path=C:\Users\varsh\eclipse-workspace\.metadata\.plugins\org.eclipse.swt\EBWebView\Default lastActive=2026-08-21T09:24:16.283Z
2026-08-26 14:53:28.666: [INFO] OnDoneLoading sync enabled: 0
2026-08-26 14:53:28.666: [INFO] BookmarkModelLoaded, ids_reassigned: 0
2026-08-26 14:53:28.666: [INFO] BookmarksLoadDropped droppedNodes=0
2026-08-26 14:53:28.667: [INFO] BookmarksSnapshot Startup total=0 bar=0 other=0 mobile=0 showBar=0 showBarNTP=1
2026-08-26 14:54:40.740: [INFO] BookmarksSnapshot Shutdown total=0 bar=0 other=0 mobile=0 showBar=0 showBarNTP=1
2026-08-27 05:31:37.887: [INFO] CurrentProfilePath: C:\Users\varsh\eclipse-workspace\.metadata\.plugins\org.eclipse.swt\EBWebView\Default
2026-08-27 05:31:37.887: [INFO] Profiles total count: 1
2026-08-27 05:31:37.890: [INFO] Profile: name=Profile 1 path=C:\Users\varsh\eclipse-workspace\.metadata\.plugins\org.eclipse.swt\EBWebView\Default lastActive=2026-08-21T09:24:16.283Z
2026-08-27 05:31:37.890: [INFO] LastUsedProfileDir: C:\Users\varsh\eclipse-workspace\.metadata\.plugins\org.eclipse.swt\EBWebView\Default
2026-08-27 05:31:37.890: [INFO] MostRecentlyActiveProfile: name=Profile 1 path=C:\Users\varsh\eclipse-workspace\.metadata\.plugins\org.eclipse.swt\EBWebView\Default lastActive=2026-08-21T09:24:16.283Z
2026-08-27 05:31:37.890: [INFO] OnDoneLoading sync enabled: 0
2026-08-27 05:31:37.890: [INFO] BookmarkModelLoaded, ids_reassigned: 0
2026-08-27 05:31:37.890: [INFO] BookmarksLoadDropped droppedNodes=0
2026-08-27 05:31:37.891: [INFO] BookmarksSnapshot Startup total=0 bar=0 other=0 mobile=0 showBar=0 showBarNTP=1
2026-08-27 05:32:07.688: [INFO] BookmarksSnapshot Shutdown total=0 bar=0 other=0 mobile=0 showBar=0 showBarNTP=1
2026-08-27 05:49:48.864: [INFO] CurrentProfilePath: C:\Users\varsh\eclipse-workspace\.metadata\.plugins\org.eclipse.swt\EBWebView\Default
2026-08-27 05:49:48.864: [INFO] Profiles total count: 1
2026-08-27 05:49:48.866: [INFO] Profile: name=Profile 1 path=C:\Users\varsh\eclipse-workspace\.metadata\.plugins\org.eclipse.swt\EBWebView\Default lastActive=2026-08-21T09:24:16.283Z
2026-08-27 05:49:48.866: [INFO] LastUsedProfileDir: C:\Users\varsh\eclipse-workspace\.metadata\.plugins\org.eclipse.swt\EBWebView\Default
2026-08-27 05:49:48.866: [INFO] MostRecentlyActiveProfile: name=Profile 1 path=C:\Users\varsh\eclipse-workspace\.metadata\.plugins\org.eclipse.swt\EBWebView\Default lastActive=2026-08-21T09:24:16.283Z
2026-08-27 05:49:48.866: [INFO] OnDoneLoading sync enabled: 0
2026-08-27 05:49:48.866: [INFO] BookmarkModelLoaded, ids_reassigned: 0
2026-08-27 05:49:48.866: [INFO] BookmarksLoadDropped droppedNodes=0
2026-08-27 05:49:48.866: [INFO] BookmarksSnapshot Startup total=0 bar=0 other=0 mobile=0 showBar=0 showBarNTP=1
2026-08-27 12:30:21.803: [INFO] BookmarksSnapshot Shutdown total=0 bar=0 other=0 mobile=0 showBar=0 showBarNTP=1
2026-08-28 06:32:56.977: [INFO] CurrentProfilePath: C:\Users\varsh\eclipse-workspace\.metadata\.plugins\org.eclipse.swt\EBWebView\Default
2026-08-28 06:32:56.977: [INFO] Profiles total count: 1
2026-08-28 06:32:56.977: [INFO] Profile: name=Profile 1 path=C:\Users\varsh\eclipse-workspace\.metadata\.plugins\org.eclipse.swt\EBWebView\Default lastActive=2026-08-21T09:24:16.283Z
2026-08-28 06:32:56.977: [INFO] LastUsedProfileDir: C:\Users\varsh\eclipse-workspace\.metadata\.plugins\org.eclipse.swt\EBWebView\Default
2026-08-28 06:32:56.978: [INFO] MostRecentlyActiveProfile: name=Profile 1 path=C:\Users\varsh\eclipse-workspace\.metadata\.plugins\org.eclipse.swt\EBWebView\Default lastActive=2026-08-21T09:24:16.283Z
2026-08-28 06:32:56.978: [INFO] OnDoneLoading sync enabled: 0
2026-08-28 06:32:56.978: [INFO] BookmarkModelLoaded, ids_reassigned: 0
2026-08-28 06:32:56.978: [INFO] BookmarksLoadDropped droppedNodes=0
2026-08-28 06:32:56.978: [INFO] BookmarksSnapshot Startup total=0 bar=0 other=0 mobile=0 showBar=0 showBarNTP=1
2026-08-28 06:32:59.694: [INFO] BookmarksSnapshot Shutdown total=0 bar=0 other=0 mobile=0 showBar=0 showBarNTP=1
2026-08-28 08:59:28.429: [INFO] CurrentProfilePath: C:\Users\varsh\eclipse-workspace\.metadata\.plugins\org.eclipse.swt\EBWebView\Default
2026-08-28 08:59:28.430: [INFO] Profiles total count: 1
2026-08-28 08:59:28.430: [INFO] Profile: name=Profile 1 path=C:\Users\varsh\eclipse-workspace\.metadata\.plugins\org.eclipse.swt\EBWebView\Default lastActive=2026-08-21T09:24:16.283Z
2026-08-28 08:59:28.430: [INFO] LastUsedProfileDir: C:\Users\varsh\eclipse-workspace\.metadata\.plugins\org.eclipse.swt\EBWebView\Default
2026-08-28 08:59:28.430: [INFO] MostRecentlyActiveProfile: name=Profile 1 path=C:\Users\varsh\eclipse-workspace\.metadata\.plugins\org.eclipse.swt\EBWebView\Default lastActive=2026-08-21T09:24:16.283Z
2026-08-28 08:59:28.430: [INFO] OnDoneLoading sync enabled: 0
2026-08-28 08:59:28.430: [INFO] BookmarkModelLoaded, ids_reassigned: 0
2026-08-28 08:59:28.430: [INFO] BookmarksLoadDropped droppedNodes=0
2026-08-28 08:59:28.430: [INFO] BookmarksSnapshot Startup total=0 bar=0 other=0 mobile=0 showBar=0 showBarNTP=1
2026-08-29 05:13:36.610: [INFO] CurrentProfilePath: C:\Users\varsh\eclipse-workspace\.metadata\.plugins\org.eclipse.swt\EBWebView\Default
2026-08-29 05:13:36.610: [INFO] Profiles total count: 1
2026-08-29 05:13:36.612: [INFO] Profile: name=Profile 1 path=C:\Users\varsh\eclipse-workspace\.metadata\.plugins\org.eclipse.swt\EBWebView\Default lastActive=2026-08-21T09:24:16.283Z
2026-08-29 05:13:36.612: [INFO] LastUsedProfileDir: C:\Users\varsh\eclipse-workspace\.metadata\.plugins\org.eclipse.swt\EBWebView\Default
2026-08-29 05:13:36.613: [INFO] MostRecentlyActiveProfile: name=Profile 1 path=C:\Users\varsh\eclipse-workspace\.metadata\.plugins\org.eclipse.swt\EBWebView\Default lastActive=2026-08-21T09:24:16.283Z
2026-08-29 05:13:36.613: [INFO] OnDoneLoading sync enabled: 0
2026-08-29 05:13:36.613: [INFO] BookmarkModelLoaded, ids_reassigned: 0
2026-08-29 05:13:36.613: [INFO] BookmarksLoadDropped droppedNodes=0
2026-08-29 05:13:36.613: [INFO] BookmarksSnapshot Startup total=0 bar=0 other=0 mobile=0 showBar=0 showBarNTP=1
2026-08-29 05:14:12.378: [INFO] BookmarksSnapshot Shutdown total=0 bar=0 other=0 mobile=0 showBar=0 showBarNTP=1
2026-08-29 08:24:05.784: [INFO] CurrentProfilePath: C:\Users\varsh\eclipse-workspace\.metadata\.plugins\org.eclipse.swt\EBWebView\Default
2026-08-29 08:24:05.784: [INFO] Profiles total count: 1
2026-08-29 08:24:05.785: [INFO] Profile: name=Profile 1 path=C:\Users\varsh\eclipse-workspace\.metadata\.plugins\org.eclipse.swt\EBWebView\Default lastActive=2026-08-29T05:14:09.946Z
2026-08-29 08:24:05.785: [INFO] LastUsedProfileDir: C:\Users\varsh\eclipse-workspace\.metadata\.plugins\org.eclipse.swt\EBWebView\Default
2026-08-29 08:24:05.785: [INFO] MostRecentlyActiveProfile: name=Profile 1 path=C:\Users\varsh\eclipse-workspace\.metadata\.plugins\org.eclipse.swt\EBWebView\Default lastActive=2026-08-29T05:14:09.946Z
2026-08-29 08:24:05.785: [INFO] OnDoneLoading sync enabled: 0
2026-08-29 08:24:05.785: [INFO] BookmarkModelLoaded, ids_reassigned: 0
2026-08-29 08:24:05.785: [INFO] BookmarksLoadDropped droppedNodes=0
2026-08-29 08:24:05.785: [INFO] BookmarksSnapshot Startup total=0 bar=0 other=0 mobile=0 showBar=0 showBarNTP=1
2026-08-29 08:24:06.332: [INFO] BookmarksSnapshot Shutdown total=0 bar=0 other=0 mobile=0 showBar=0 showBarNTP=1
2026-08-29 08:33:47.439: [INFO] CurrentProfilePath: C:\Users\varsh\eclipse-workspace\.metadata\.plugins\org.eclipse.swt\EBWebView\Default
2026-08-29 08:33:47.439: [INFO] Profiles total count: 1
2026-08-29 08:33:47.440: [INFO] Profile: name=Profile 1 path=C:\Users\varsh\eclipse-workspace\.metadata\.plugins\org.eclipse.swt\EBWebView\Default lastActive=2026-08-29T05:14:09.946Z
2026-08-29 08:33:47.440: [INFO] LastUsedProfileDir: C:\Users\varsh\eclipse-workspace\.metadata\.plugins\org.eclipse.swt\EBWebView\Default
2026-08-29 08:33:47.440: [INFO] MostRecentlyActiveProfile: name=Profile 1 path=C:\Users\varsh\eclipse-workspace\.metadata\.plugins\org.eclipse.swt\EBWebView\Default lastActive=2026-08-29T05:14:09.946Z
2026-08-29 08:33:47.440: [INFO] OnDoneLoading sync enabled: 0
2026-08-29 08:33:47.440: [INFO] BookmarkModelLoaded, ids_reassigned: 0
2026-08-29 08:33:47.440: [INFO] BookmarksLoadDropped droppedNodes=0
2026-08-29 08:33:47.440: [INFO] BookmarksSnapshot Startup total=0 bar=0 other=0 mobile=0 showBar=0 showBarNTP=1
2026-08-29 08:33:47.629: [INFO] BookmarksSnapshot Shutdown total=0 bar=0 other=0 mobile=0 showBar=0 showBarNTP=1
2026-08-29 08:38:47.235: [INFO] CurrentProfilePath: C:\Users\varsh\eclipse-workspace\.metadata\.plugins\org.eclipse.swt\EBWebView\Default
2026-08-29 08:38:47.235: [INFO] Profiles total count: 1
2026-08-29 08:38:47.236: [INFO] Profile: name=Profile 1 path=C:\Users\varsh\eclipse-workspace\.metadata\.plugins\org.eclipse.swt\EBWebView\Default lastActive=2026-08-29T05:14:09.946Z
2026-08-29 08:38:47.236: [INFO] LastUsedProfileDir: C:\Users\varsh\eclipse-workspace\.metadata\.plugins\org.eclipse.swt\EBWebView\Default
2026-08-29 08:38:47.236: [INFO] MostRecentlyActiveProfile: name=Profile 1 path=C:\Users\varsh\eclipse-workspace\.metadata\.plugins\org.eclipse.swt\EBWebView\Default lastActive=2026-08-29T05:14:09.946Z
2026-08-29 08:38:47.236: [INFO] OnDoneLoading sync enabled: 0
2026-08-29 08:38:47.236: [INFO] BookmarkModelLoaded, ids_reassigned: 0
2026-08-29 08:38:47.236: [INFO] BookmarksLoadDropped droppedNodes=0
2026-08-29 08:38:47.236: [INFO] BookmarksSnapshot Startup total=0 bar=0 other=0 mobile=0 showBar=0 showBarNTP=1
2026-08-29 08:41:17.773: [INFO] BookmarksSnapshot Shutdown total=0 bar=0 other=0 mobile=0 showBar=0 showBarNTP=1
2026-08-29 08:42:13.571: [INFO] CurrentProfilePath: C:\Users\varsh\eclipse-workspace\.metadata\.plugins\org.eclipse.swt\EBWebView\Default
2026-08-29 08:42:13.571: [INFO] Profiles total count: 1
2026-08-29 08:42:13.571: [INFO] Profile: name=Profile 1 path=C:\Users\varsh\eclipse-workspace\.metadata\.plugins\org.eclipse.swt\EBWebView\Default lastActive=2026-08-29T05:14:09.946Z
2026-08-29 08:42:13.572: [INFO] LastUsedProfileDir: C:\Users\varsh\eclipse-workspace\.metadata\.plugins\org.eclipse.swt\EBWebView\Default
2026-08-29 08:42:13.572: [INFO] MostRecentlyActiveProfile: name=Profile 1 path=C:\Users\varsh\eclipse-workspace\.metadata\.plugins\org.eclipse.swt\EBWebView\Default lastActive=2026-08-29T05:14:09.946Z
2026-08-29 08:42:13.572: [INFO] OnDoneLoading sync enabled: 0
2026-08-29 08:42:13.572: [INFO] BookmarkModelLoaded, ids_reassigned: 0
2026-08-29 08:42:13.572: [INFO] BookmarksLoadDropped droppedNodes=0
2026-08-29 08:42:13.572: [INFO] BookmarksSnapshot Startup total=0 bar=0 other=0 mobile=0 showBar=0 showBarNTP=1
2026-08-29 08:42:45.997: [INFO] BookmarksSnapshot Shutdown total=0 bar=0 other=0 mobile=0 showBar=0 showBarNTP=1
2026-08-30 08:38:03.047: [INFO] CurrentProfilePath: C:\Users\varsh\eclipse-workspace\.metadata\.plugins\org.eclipse.swt\EBWebView\Default
2026-08-30 08:38:03.047: [INFO] Profiles total count: 1
2026-08-30 08:38:03.048: [INFO] Profile: name=Profile 1 path=C:\Users\varsh\eclipse-workspace\.metadata\.plugins\org.eclipse.swt\EBWebView\Default lastActive=2026-08-29T05:14:09.946Z
2026-08-30 08:38:03.048: [INFO] LastUsedProfileDir: C:\Users\varsh\eclipse-workspace\.metadata\.plugins\org.eclipse.swt\EBWebView\Default
2026-08-30 08:38:03.048: [INFO] MostRecentlyActiveProfile: name=Profile 1 path=C:\Users\varsh\eclipse-workspace\.metadata\.plugins\org.eclipse.swt\EBWebView\Default lastActive=2026-08-29T05:14:09.946Z
2026-08-30 08:38:03.048: [INFO] OnDoneLoading sync enabled: 0
2026-08-30 08:38:03.048: [INFO] BookmarkModelLoaded, ids_reassigned: 0
2026-08-30 08:38:03.048: [INFO] BookmarksLoadDropped droppedNodes=0
2026-08-30 08:38:03.048: [INFO] BookmarksSnapshot Startup total=0 bar=0 other=0 mobile=0 showBar=0 showBarNTP=1
2026-08-30 11:01:56.534: [INFO] BookmarksSnapshot Shutdown total=0 bar=0 other=0 mobile=0 showBar=0 showBarNTP=1
2026-08-30 13:06:48.157: [INFO] CurrentProfilePath: C:\Users\varsh\eclipse-workspace\.metadata\.plugins\org.eclipse.swt\EBWebView\Default
2026-08-30 13:06:48.157: [INFO] Profiles total count: 1
2026-08-30 13:06:48.158: [INFO] Profile: name=Profile 1 path=C:\Users\varsh\eclipse-workspace\.metadata\.plugins\org.eclipse.swt\EBWebView\Default lastActive=2026-08-29T05:14:09.946Z
2026-08-30 13:06:48.158: [INFO] LastUsedProfileDir: C:\Users\varsh\eclipse-workspace\.metadata\.plugins\org.eclipse.swt\EBWebView\Default
2026-08-30 13:06:48.158: [INFO] MostRecentlyActiveProfile: name=Profile 1 path=C:\Users\varsh\eclipse-workspace\.metadata\.plugins\org.eclipse.swt\EBWebView\Default lastActive=2026-08-29T05:14:09.946Z
2026-08-30 13:06:48.158: [INFO] OnDoneLoading sync enabled: 0
2026-08-30 13:06:48.158: [INFO] BookmarkModelLoaded, ids_reassigned: 0
2026-08-30 13:06:48.158: [INFO] BookmarksLoadDropped droppedNodes=0
2026-08-30 13:06:48.158: [INFO] BookmarksSnapshot Startup total=0 bar=0 other=0 mobile=0 showBar=0 showBarNTP=1
2026-08-30 13:07:31.480: [INFO] BookmarksSnapshot Shutdown total=0 bar=0 other=0 mobile=0 showBar=0 showBarNTP=1
2026-08-30 13:07:37.527: [INFO] CurrentProfilePath: C:\Users\varsh\eclipse-workspace\.metadata\.plugins\org.eclipse.swt\EBWebView\Default
2026-08-30 13:07:37.527: [INFO] Profiles total count: 1
2026-08-30 13:07:37.528: [INFO] Profile: name=Profile 1 path=C:\Users\varsh\eclipse-workspace\.metadata\.plugins\org.eclipse.swt\EBWebView\Default lastActive=2026-08-29T05:14:09.946Z
2026-08-30 13:07:37.528: [INFO] LastUsedProfileDir: C:\Users\varsh\eclipse-workspace\.metadata\.plugins\org.eclipse.swt\EBWebView\Default
2026-08-30 13:07:37.528: [INFO] MostRecentlyActiveProfile: name=Profile 1 path=C:\Users\varsh\eclipse-workspace\.metadata\.plugins\org.eclipse.swt\EBWebView\Default lastActive=2026-08-29T05:14:09.946Z
2026-08-30 13:07:37.528: [INFO] OnDoneLoading sync enabled: 0
2026-08-30 13:07:37.528: [INFO] BookmarkModelLoaded, ids_reassigned: 0
2026-08-30 13:07:37.528: [INFO] BookmarksLoadDropped droppedNodes=0
2026-08-30 13:07:37.528: [INFO] BookmarksSnapshot Startup total=0 bar=0 other=0 mobile=0 showBar=0 showBarNTP=1
2026-08-30 13:08:08.015: [INFO] BookmarksSnapshot Shutdown total=0 bar=0 other=0 mobile=0 showBar=0 showBarNTP=1
2026-08-30 13:08:19.843: [INFO] CurrentProfilePath: C:\Users\varsh\eclipse-workspace\.metadata\.plugins\org.eclipse.swt\EBWebView\Default
2026-08-30 13:08:19.843: [INFO] Profiles total count: 1
2026-08-30 13:08:19.844: [INFO] Profile: name=Profile 1 path=C:\Users\varsh\eclipse-workspace\.metadata\.plugins\org.eclipse.swt\EBWebView\Default lastActive=2026-08-29T05:14:09.946Z
2026-08-30 13:08:19.844: [INFO] LastUsedProfileDir: C:\Users\varsh\eclipse-workspace\.metadata\.plugins\org.eclipse.swt\EBWebView\Default
2026-08-30 13:08:19.844: [INFO] MostRecentlyActiveProfile: name=Profile 1 path=C:\Users\varsh\eclipse-workspace\.metadata\.plugins\org.eclipse.swt\EBWebView\Default lastActive=2026-08-29T05:14:09.946Z
2026-08-30 13:08:19.844: [INFO] OnDoneLoading sync enabled: 0
2026-08-30 13:08:19.844: [INFO] BookmarkModelLoaded, ids_reassigned: 0
2026-08-30 13:08:19.844: [INFO] BookmarksLoadDropped droppedNodes=0
2026-08-30 13:08:19.844: [INFO] BookmarksSnapshot Startup total=0 bar=0 other=0 mobile=0 showBar=0 showBarNTP=1
2026-08-30 13:09:34.266: [INFO] BookmarksSnapshot Shutdown total=0 bar=0 other=0 mobile=0 showBar=0 showBarNTP=1
2026-08-30 13:10:01.643: [INFO] CurrentProfilePath: C:\Users\varsh\eclipse-workspace\.metadata\.plugins\org.eclipse.swt\EBWebView\Default
2026-08-30 13:10:01.643: [INFO] Profiles total count: 1
2026-08-30 13:10:01.644: [INFO] Profile: name=Profile 1 path=C:\Users\varsh\eclipse-workspace\.metadata\.plugins\org.eclipse.swt\EBWebView\Default lastActive=2026-08-29T05:14:09.946Z
2026-08-30 13:10:01.644: [INFO] LastUsedProfileDir: C:\Users\varsh\eclipse-workspace\.metadata\.plugins\org.eclipse.swt\EBWebView\Default
2026-08-30 13:10:01.644: [INFO] MostRecentlyActiveProfile: name=Profile 1 path=C:\Users\varsh\eclipse-workspace\.metadata\.plugins\org.eclipse.swt\EBWebView\Default lastActive=2026-08-29T05:14:09.946Z
2026-08-30 13:10:01.644: [INFO] OnDoneLoading sync enabled: 0
2026-08-30 13:10:01.644: [INFO] BookmarkModelLoaded, ids_reassigned: 0
2026-08-30 13:10:01.644: [INFO] BookmarksLoadDropped droppedNodes=0
2026-08-30 13:10:01.644: [INFO] BookmarksSnapshot Startup total=0 bar=0 other=0 mobile=0 showBar=0 showBarNTP=1
2026-08-30 13:54:09.949: [INFO] BookmarksSnapshot Shutdown total=0 bar=0 other=0 mobile=0 showBar=0 showBarNTP=1
2026-08-31 05:47:18.898: [INFO] CurrentProfilePath: C:\Users\varsh\eclipse-workspace\.metadata\.plugins\org.eclipse.swt\EBWebView\Default
2026-08-31 05:47:18.898: [INFO] Profiles total count: 1
2026-08-31 05:47:18.898: [INFO] Profile: name=Profile 1 path=C:\Users\varsh\eclipse-workspace\.metadata\.plugins\org.eclipse.swt\EBWebView\Default lastActive=2026-08-29T05:14:09.946Z
2026-08-31 05:47:18.898: [INFO] LastUsedProfileDir: C:\Users\varsh\eclipse-workspace\.metadata\.plugins\org.eclipse.swt\EBWebView\Default
2026-08-31 05:47:18.898: [INFO] MostRecentlyActiveProfile: name=Profile 1 path=C:\Users\varsh\eclipse-workspace\.metadata\.plugins\org.eclipse.swt\EBWebView\Default lastActive=2026-08-29T05:14:09.946Z
2026-08-31 05:47:18.898: [INFO] OnDoneLoading sync enabled: 0
2026-08-31 05:47:18.898: [INFO] BookmarkModelLoaded, ids_reassigned: 0
2026-08-31 05:47:18.898: [INFO] BookmarksLoadDropped droppedNodes=0
2026-08-31 05:47:18.898: [INFO] BookmarksSnapshot Startup total=0 bar=0 other=0 mobile=0 showBar=0 showBarNTP=1
2026-08-31 05:47:25.796: [INFO] BookmarksSnapshot Shutdown total=0 bar=0 other=0 mobile=0 showBar=0 showBarNTP=1
2026-08-31 07:01:10.407: [INFO] CurrentProfilePath: C:\Users\varsh\eclipse-workspace\.metadata\.plugins\org.eclipse.swt\EBWebView\Default
2026-08-31 07:01:10.407: [INFO] Profiles total count: 1
2026-08-31 07:01:10.408: [INFO] Profile: name=Profile 1 path=C:\Users\varsh\eclipse-workspace\.metadata\.plugins\org.eclipse.swt\EBWebView\Default lastActive=2026-08-29T05:14:09.946Z
2026-08-31 07:01:10.408: [INFO] LastUsedProfileDir: C:\Users\varsh\eclipse-workspace\.metadata\.plugins\org.eclipse.swt\EBWebView\Default
2026-08-31 07:01:10.408: [INFO] MostRecentlyActiveProfile: name=Profile 1 path=C:\Users\varsh\eclipse-workspace\.metadata\.plugins\org.eclipse.swt\EBWebView\Default lastActive=2026-08-29T05:14:09.946Z
2026-08-31 07:01:10.408: [INFO] OnDoneLoading sync enabled: 0
2026-08-31 07:01:10.408: [INFO] BookmarkModelLoaded, ids_reassigned: 0
2026-08-31 07:01:10.408: [INFO] BookmarksLoadDropped droppedNodes=0
2026-08-31 07:01:10.408: [INFO] BookmarksSnapshot Startup total=0 bar=0 other=0 mobile=0 showBar=0 showBarNTP=1
2026-08-31 07:01:28.606: [INFO] BookmarksSnapshot Shutdown total=0 bar=0 other=0 mobile=0 showBar=0 showBarNTP=1
2026-08-31 07:02:42.145: [INFO] CurrentProfilePath: C:\Users\varsh\eclipse-workspace\.metadata\.plugins\org.eclipse.swt\EBWebView\Default
2026-08-31 07:02:42.145: [INFO] Profiles total count: 1
2026-08-31 07:02:42.146: [INFO] Profile: name=Profile 1 path=C:\Users\varsh\eclipse-workspace\.metadata\.plugins\org.eclipse.swt\EBWebView\Default lastActive=2026-08-29T05:14:09.946Z
2026-08-31 07:02:42.146: [INFO] LastUsedProfileDir: C:\Users\varsh\eclipse-workspace\.metadata\.plugins\org.eclipse.swt\EBWebView\Default
2026-08-31 07:02:42.146: [INFO] MostRecentlyActiveProfile: name=Profile 1 path=C:\Users\varsh\eclipse-workspace\.metadata\.plugins\org.eclipse.swt\EBWebView\Default lastActive=2026-08-29T05:14:09.946Z
2026-08-31 07:02:42.146: [INFO] OnDoneLoading sync enabled: 0
2026-08-31 07:02:42.146: [INFO] BookmarkModelLoaded, ids_reassigned: 0
2026-08-31 07:02:42.146: [INFO] BookmarksLoadDropped droppedNodes=0
2026-08-31 07:02:42.146: [INFO] BookmarksSnapshot Startup total=0 bar=0 other=0 mobile=0 showBar=0 showBarNTP=1
2026-08-31 07:02:45.422: [INFO] BookmarksSnapshot Shutdown total=0 bar=0 other=0 mobile=0 showBar=0 showBarNTP=1
2026-08-31 07:03:54.933: [INFO] CurrentProfilePath: C:\Users\varsh\eclipse-workspace\.metadata\.plugins\org.eclipse.swt\EBWebView\Default
2026-08-31 07:03:54.933: [INFO] Profiles total count: 1
2026-08-31 07:03:54.934: [INFO] Profile: name=Profile 1 path=C:\Users\varsh\eclipse-workspace\.metadata\.plugins\org.eclipse.swt\EBWebView\Default lastActive=2026-08-29T05:14:09.946Z
2026-08-31 07:03:54.934: [INFO] LastUsedProfileDir: C:\Users\varsh\eclipse-workspace\.metadata\.plugins\org.eclipse.swt\EBWebView\Default
2026-08-31 07:03:54.934: [INFO] MostRecentlyActiveProfile: name=Profile 1 path=C:\Users\varsh\eclipse-workspace\.metadata\.plugins\org.eclipse.swt\EBWebView\Default lastActive=2026-08-29T05:14:09.946Z
2026-08-31 07:03:54.934: [INFO] OnDoneLoading sync enabled: 0
2026-08-31 07:03:54.934: [INFO] BookmarkModelLoaded, ids_reassigned: 0
2026-08-31 07:03:54.934: [INFO] BookmarksLoadDropped droppedNodes=0
2026-08-31 07:03:54.934: [INFO] BookmarksSnapshot Startup total=0 bar=0 other=0 mobile=0 showBar=0 showBarNTP=1
2026-08-31 07:04:00.619: [INFO] BookmarksSnapshot Shutdown total=0 bar=0 other=0 mobile=0 showBar=0 showBarNTP=1
2026-08-31 07:04:25.189: [INFO] CurrentProfilePath: C:\Users\varsh\eclipse-workspace\.metadata\.plugins\org.eclipse.swt\EBWebView\Default
2026-08-31 07:04:25.189: [INFO] Profiles total count: 1
2026-08-31 07:04:25.189: [INFO] Profile: name=Profile 1 path=C:\Users\varsh\eclipse-workspace\.metadata\.plugins\org.eclipse.swt\EBWebView\Default lastActive=2026-08-29T05:14:09.946Z
2026-08-31 07:04:25.189: [INFO] LastUsedProfileDir: C:\Users\varsh\eclipse-workspace\.metadata\.plugins\org.eclipse.swt\EBWebView\Default
2026-08-31 07:04:25.189: [INFO] MostRecentlyActiveProfile: name=Profile 1 path=C:\Users\varsh\eclipse-workspace\.metadata\.plugins\org.eclipse.swt\EBWebView\Default lastActive=2026-08-29T05:14:09.946Z
2026-08-31 07:04:25.189: [INFO] OnDoneLoading sync enabled: 0
2026-08-31 07:04:25.189: [INFO] BookmarkModelLoaded, ids_reassigned: 0
2026-08-31 07:04:25.189: [INFO] BookmarksLoadDropped droppedNodes=0
2026-08-31 07:04:25.190: [INFO] BookmarksSnapshot Startup total=0 bar=0 other=0 mobile=0 showBar=0 showBarNTP=1
2026-08-31 07:05:51.466: [INFO] BookmarksSnapshot Shutdown total=0 bar=0 other=0 mobile=0 showBar=0 showBarNTP=1
2026-08-31 07:06:22.104: [INFO] CurrentProfilePath: C:\Users\varsh\eclipse-workspace\.metadata\.plugins\org.eclipse.swt\EBWebView\Default
2026-08-31 07:06:22.104: [INFO] Profiles total count: 1
2026-08-31 07:06:22.104: [INFO] Profile: name=Profile 1 path=C:\Users\varsh\eclipse-workspace\.metadata\.plugins\org.eclipse.swt\EBWebView\Default lastActive=2026-08-29T05:14:09.946Z
2026-08-31 07:06:22.104: [INFO] LastUsedProfileDir: C:\Users\varsh\eclipse-workspace\.metadata\.plugins\org.eclipse.swt\EBWebView\Default
2026-08-31 07:06:22.104: [INFO] MostRecentlyActiveProfile: name=Profile 1 path=C:\Users\varsh\eclipse-workspace\.metadata\.plugins\org.eclipse.swt\EBWebView\Default lastActive=2026-08-29T05:14:09.946Z
2026-08-31 07:06:22.105: [INFO] OnDoneLoading sync enabled: 0
2026-08-31 07:06:22.105: [INFO] BookmarkModelLoaded, ids_reassigned: 0
2026-08-31 07:06:22.105: [INFO] BookmarksLoadDropped droppedNodes=0
2026-08-31 07:06:22.105: [INFO] BookmarksSnapshot Startup total=0 bar=0 other=0 mobile=0 showBar=0 showBarNTP=1
2026-08-31 07:06:26.630: [INFO] BookmarksSnapshot Shutdown total=0 bar=0 other=0 mobile=0 showBar=0 showBarNTP=1
2026-08-31 07:06:41.791: [INFO] CurrentProfilePath: C:\Users\varsh\eclipse-workspace\.metadata\.plugins\org.eclipse.swt\EBWebView\Default
2026-08-31 07:06:41.792: [INFO] Profiles total count: 1
2026-08-31 07:06:41.792: [INFO] Profile: name=Profile 1 path=C:\Users\varsh\eclipse-workspace\.metadata\.plugins\org.eclipse.swt\EBWebView\Default lastActive=2026-08-29T05:14:09.946Z
2026-08-31 07:06:41.792: [INFO] LastUsedProfileDir: C:\Users\varsh\eclipse-workspace\.metadata\.plugins\org.eclipse.swt\EBWebView\Default
2026-08-31 07:06:41.792: [INFO] MostRecentlyActiveProfile: name=Profile 1 path=C:\Users\varsh\eclipse-workspace\.metadata\.plugins\org.eclipse.swt\EBWebView\Default lastActive=2026-08-29T05:14:09.946Z
2026-08-31 07:06:41.792: [INFO] OnDoneLoading sync enabled: 0
2026-08-31 07:06:41.792: [INFO] BookmarkModelLoaded, ids_reassigned: 0
2026-08-31 07:06:41.792: [INFO] BookmarksLoadDropped droppedNodes=0
2026-08-31 07:06:41.792: [INFO] BookmarksSnapshot Startup total=0 bar=0 other=0 mobile=0 showBar=0 showBarNTP=1
2026-08-31 07:06:53.421: [INFO] BookmarksSnapshot Shutdown total=0 bar=0 other=0 mobile=0 showBar=0 showBarNTP=1
2026-08-31 07:07:07.189: [INFO] CurrentProfilePath: C:\Users\varsh\eclipse-workspace\.metadata\.plugins\org.eclipse.swt\EBWebView\Default
2026-08-31 07:07:07.189: [INFO] Profiles total count: 1
2026-08-31 07:07:07.190: [INFO] Profile: name=Profile 1 path=C:\Users\varsh\eclipse-workspace\.metadata\.plugins\org.eclipse.swt\EBWebView\Default lastActive=2026-08-29T05:14:09.946Z
2026-08-31 07:07:07.190: [INFO] LastUsedProfileDir: C:\Users\varsh\eclipse-workspace\.metadata\.plugins\org.eclipse.swt\EBWebView\Default
2026-08-31 07:07:07.190: [INFO] MostRecentlyActiveProfile: name=Profile 1 path=C:\Users\varsh\eclipse-workspace\.metadata\.plugins\org.eclipse.swt\EBWebView\Default lastActive=2026-08-29T05:14:09.946Z
2026-08-31 07:07:07.190: [INFO] OnDoneLoading sync enabled: 0
2026-08-31 07:07:07.190: [INFO] BookmarkModelLoaded, ids_reassigned: 0
2026-08-31 07:07:07.190: [INFO] BookmarksLoadDropped droppedNodes=0
2026-08-31 07:07:07.190: [INFO] BookmarksSnapshot Startup total=0 bar=0 other=0 mobile=0 showBar=0 showBarNTP=1
2026-08-31 07:07:43.720: [INFO] BookmarksSnapshot Shutdown total=0 bar=0 other=0 mobile=0 showBar=0 showBarNTP=1
2026-08-31 08:41:48.957: [INFO] CurrentProfilePath: C:\Users\varsh\eclipse-workspace\.metadata\.plugins\org.eclipse.swt\EBWebView\Default
2026-08-31 08:41:48.957: [INFO] Profiles total count: 1
2026-08-31 08:41:48.958: [INFO] Profile: name=Profile 1 path=C:\Users\varsh\eclipse-workspace\.metadata\.plugins\org.eclipse.swt\EBWebView\Default lastActive=2026-08-29T05:14:09.946Z
2026-08-31 08:41:48.958: [INFO] LastUsedProfileDir: C:\Users\varsh\eclipse-workspace\.metadata\.plugins\org.eclipse.swt\EBWebView\Default
2026-08-31 08:41:48.958: [INFO] MostRecentlyActiveProfile: name=Profile 1 path=C:\Users\varsh\eclipse-workspace\.metadata\.plugins\org.eclipse.swt\EBWebView\Default lastActive=2026-08-29T05:14:09.946Z
2026-08-31 08:41:48.958: [INFO] OnDoneLoading sync enabled: 0
2026-08-31 08:41:48.958: [INFO] BookmarkModelLoaded, ids_reassigned: 0
2026-08-31 08:41:48.958: [INFO] BookmarksLoadDropped droppedNodes=0
2026-08-31 08:41:48.958: [INFO] BookmarksSnapshot Startup total=0 bar=0 other=0 mobile=0 showBar=0 showBarNTP=1
2026-08-31 15:45:39.760: [INFO] BookmarksSnapshot Shutdown total=0 bar=0 other=0 mobile=0 showBar=0 showBarNTP=1
2026-09-01 06:16:15.669: [INFO] CurrentProfilePath: C:\Users\varsh\eclipse-workspace\.metadata\.plugins\org.eclipse.swt\EBWebView\Default
2026-09-01 06:16:15.669: [INFO] Profiles total count: 1
2026-09-01 06:16:15.670: [INFO] Profile: name=Profile 1 path=C:\Users\varsh\eclipse-workspace\.metadata\.plugins\org.eclipse.swt\EBWebView\Default lastActive=2026-08-29T05:14:09.946Z
2026-09-01 06:16:15.670: [INFO] LastUsedProfileDir: C:\Users\varsh\eclipse-workspace\.metadata\.plugins\org.eclipse.swt\EBWebView\Default
2026-09-01 06:16:15.671: [INFO] MostRecentlyActiveProfile: name=Profile 1 path=C:\Users\varsh\eclipse-workspace\.metadata\.plugins\org.eclipse.swt\EBWebView\Default lastActive=2026-08-29T05:14:09.946Z
2026-09-01 06:16:15.671: [INFO] OnDoneLoading sync enabled: 0
2026-09-01 06:16:15.671: [INFO] BookmarkModelLoaded, ids_reassigned: 0
2026-09-01 06:16:15.671: [INFO] BookmarksLoadDropped droppedNodes=0
2026-09-01 06:16:15.671: [INFO] BookmarksSnapshot Startup total=0 bar=0 other=0 mobile=0 showBar=0 showBarNTP=1
2026-09-01 06:17:02.130: [INFO] BookmarksSnapshot Shutdown total=0 bar=0 other=0 mobile=0 showBar=0 showBarNTP=1
2026-09-01 06:25:55.589: [INFO] CurrentProfilePath: C:\Users\varsh\eclipse-workspace\.metadata\.plugins\org.eclipse.swt\EBWebView\Default
2026-09-01 06:25:55.589: [INFO] Profiles total count: 1
2026-09-01 06:25:55.590: [INFO] Profile: name=Profile 1 path=C:\Users\varsh\eclipse-workspace\.metadata\.plugins\org.eclipse.swt\EBWebView\Default lastActive=2026-09-01T06:16:58.250Z
2026-09-01 06:25:55.590: [INFO] LastUsedProfileDir: C:\Users\varsh\eclipse-workspace\.metadata\.plugins\org.eclipse.swt\EBWebView\Default
2026-09-01 06:25:55.590: [INFO] MostRecentlyActiveProfile: name=Profile 1 path=C:\Users\varsh\eclipse-workspace\.metadata\.plugins\org.eclipse.swt\EBWebView\Default lastActive=2026-09-01T06:16:58.250Z
2026-09-01 06:25:55.590: [INFO] OnDoneLoading sync enabled: 0
2026-09-01 06:25:55.590: [INFO] BookmarkModelLoaded, ids_reassigned: 0
2026-09-01 06:25:55.590: [INFO] BookmarksLoadDropped droppedNodes=0
2026-09-01 06:25:55.590: [INFO] BookmarksSnapshot Startup total=0 bar=0 other=0 mobile=0 showBar=0 showBarNTP=1
2026-09-01 06:41:22.545: [INFO] BookmarksSnapshot Shutdown total=0 bar=0 other=0 mobile=0 showBar=0 showBarNTP=1
2026-09-01 06:57:58.148: [INFO] CurrentProfilePath: C:\Users\varsh\eclipse-workspace\.metadata\.plugins\org.eclipse.swt\EBWebView\Default
2026-09-01 06:57:58.148: [INFO] Profiles total count: 1
2026-09-01 06:57:58.149: [INFO] Profile: name=Profile 1 path=C:\Users\varsh\eclipse-workspace\.metadata\.plugins\org.eclipse.swt\EBWebView\Default lastActive=2026-09-01T06:16:58.250Z
2026-09-01 06:57:58.149: [INFO] LastUsedProfileDir: C:\Users\varsh\eclipse-workspace\.metadata\.plugins\org.eclipse.swt\EBWebView\Default
2026-09-01 06:57:58.149: [INFO] MostRecentlyActiveProfile: name=Profile 1 path=C:\Users\varsh\eclipse-workspace\.metadata\.plugins\org.eclipse.swt\EBWebView\Default lastActive=2026-09-01T06:16:58.250Z
2026-09-01 06:57:58.149: [INFO] OnDoneLoading sync enabled: 0
2026-09-01 06:57:58.149: [INFO] BookmarkModelLoaded, ids_reassigned: 0
2026-09-01 06:57:58.149: [INFO] BookmarksLoadDropped droppedNodes=0
2026-09-01 06:57:58.149: [INFO] BookmarksSnapshot Startup total=0 bar=0 other=0 mobile=0 showBar=0 showBarNTP=1
2026-09-01 07:05:54.550: [INFO] BookmarksSnapshot Shutdown total=0 bar=0 other=0 mobile=0 showBar=0 showBarNTP=1
2026-09-01 07:12:41.803: [INFO] CurrentProfilePath: C:\Users\varsh\eclipse-workspace\.metadata\.plugins\org.eclipse.swt\EBWebView\Default
2026-09-01 07:12:41.803: [INFO] Profiles total count: 1
2026-09-01 07:12:41.803: [INFO] Profile: name=Profile 1 path=C:\Users\varsh\eclipse-workspace\.metadata\.plugins\org.eclipse.swt\EBWebView\Default lastActive=2026-09-01T06:16:58.250Z
2026-09-01 07:12:41.803: [INFO] LastUsedProfileDir: C:\Users\varsh\eclipse-workspace\.metadata\.plugins\org.eclipse.swt\EBWebView\Default
2026-09-01 07:12:41.803: [INFO] MostRecentlyActiveProfile: name=Profile 1 path=C:\Users\varsh\eclipse-workspace\.metadata\.plugins\org.eclipse.swt\EBWebView\Default lastActive=2026-09-01T06:16:58.250Z
2026-09-01 07:12:41.803: [INFO] OnDoneLoading sync enabled: 0
2026-09-01 07:12:41.803: [INFO] BookmarkModelLoaded, ids_reassigned: 0
2026-09-01 07:12:41.803: [INFO] BookmarksLoadDropped droppedNodes=0
2026-09-01 07:12:41.803: [INFO] BookmarksSnapshot Startup total=0 bar=0 other=0 mobile=0 showBar=0 showBarNTP=1
2026-09-01 08:28:14.709: [INFO] BookmarksSnapshot Shutdown total=0 bar=0 other=0 mobile=0 showBar=0 showBarNTP=1
2026-09-01 08:30:36.233: [INFO] CurrentProfilePath: C:\Users\varsh\eclipse-workspace\.metadata\.plugins\org.eclipse.swt\EBWebView\Default
2026-09-01 08:30:36.233: [INFO] Profiles total count: 1
2026-09-01 08:30:36.234: [INFO] Profile: name=Profile 1 path=C:\Users\varsh\eclipse-workspace\.metadata\.plugins\org.eclipse.swt\EBWebView\Default lastActive=2026-09-01T06:16:58.250Z
2026-09-01 08:30:36.234: [INFO] LastUsedProfileDir: C:\Users\varsh\eclipse-workspace\.metadata\.plugins\org.eclipse.swt\EBWebView\Default
2026-09-01 08:30:36.234: [INFO] MostRecentlyActiveProfile: name=Profile 1 path=C:\Users\varsh\eclipse-workspace\.metadata\.plugins\org.eclipse.swt\EBWebView\Default lastActive=2026-09-01T06:16:58.250Z
2026-09-01 08:30:36.234: [INFO] OnDoneLoading sync enabled: 0
2026-09-01 08:30:36.234: [INFO] BookmarkModelLoaded, ids_reassigned: 0
2026-09-01 08:30:36.234: [INFO] BookmarksLoadDropped droppedNodes=0
2026-09-01 08:30:36.234: [INFO] BookmarksSnapshot Startup total=0 bar=0 other=0 mobile=0 showBar=0 showBarNTP=1
2026-09-01 08:32:07.043: [INFO] BookmarksSnapshot Shutdown total=0 bar=0 other=0 mobile=0 showBar=0 showBarNTP=1
2026-09-01 08:35:17.372: [INFO] CurrentProfilePath: C:\Users\varsh\eclipse-workspace\.metadata\.plugins\org.eclipse.swt\EBWebView\Default
2026-09-01 08:35:17.372: [INFO] Profiles total count: 1
2026-09-01 08:35:17.373: [INFO] Profile: name=Profile 1 path=C:\Users\varsh\eclipse-workspace\.metadata\.plugins\org.eclipse.swt\EBWebView\Default lastActive=2026-09-01T06:16:58.250Z
2026-09-01 08:35:17.373: [INFO] LastUsedProfileDir: C:\Users\varsh\eclipse-workspace\.metadata\.plugins\org.eclipse.swt\EBWebView\Default
2026-09-01 08:35:17.373: [INFO] MostRecentlyActiveProfile: name=Profile 1 path=C:\Users\varsh\eclipse-workspace\.metadata\.plugins\org.eclipse.swt\EBWebView\Default lastActive=2026-09-01T06:16:58.250Z
2026-09-01 08:35:17.373: [INFO] OnDoneLoading sync enabled: 0
2026-09-01 08:35:17.373: [INFO] BookmarkModelLoaded, ids_reassigned: 0
2026-09-01 08:35:17.373: [INFO] BookmarksLoadDropped droppedNodes=0
2026-09-01 08:35:17.373: [INFO] BookmarksSnapshot Startup total=0 bar=0 other=0 mobile=0 showBar=0 showBarNTP=1
2026-09-01 08:35:36.071: [INFO] BookmarksSnapshot Shutdown total=0 bar=0 other=0 mobile=0 showBar=0 showBarNTP=1
2026-09-01 08:35:38.589: [INFO] CurrentProfilePath: C:\Users\varsh\eclipse-workspace\.metadata\.plugins\org.eclipse.swt\EBWebView\Default
2026-09-01 08:35:38.589: [INFO] Profiles total count: 1
2026-09-01 08:35:38.590: [INFO] Profile: name=Profile 1 path=C:\Users\varsh\eclipse-workspace\.metadata\.plugins\org.eclipse.swt\EBWebView\Default lastActive=2026-09-01T06:16:58.250Z
2026-09-01 08:35:38.590: [INFO] LastUsedProfileDir: C:\Users\varsh\eclipse-workspace\.metadata\.plugins\org.eclipse.swt\EBWebView\Default
2026-09-01 08:35:38.590: [INFO] MostRecentlyActiveProfile: name=Profile 1 path=C:\Users\varsh\eclipse-workspace\.metadata\.plugins\org.eclipse.swt\EBWebView\Default lastActive=2026-09-01T06:16:58.250Z
2026-09-01 08:35:38.590: [INFO] OnDoneLoading sync enabled: 0
2026-09-01 08:35:38.590: [INFO] BookmarkModelLoaded, ids_reassigned: 0
2026-09-01 08:35:38.590: [INFO] BookmarksLoadDropped droppedNodes=0
2026-09-01 08:35:38.590: [INFO] BookmarksSnapshot Startup total=0 bar=0 other=0 mobile=0 showBar=0 showBarNTP=1
2026-09-01 08:36:07.887: [INFO] BookmarksSnapshot Shutdown total=0 bar=0 other=0 mobile=0 showBar=0 showBarNTP=1
2026-09-01 08:36:14.155: [INFO] CurrentProfilePath: C:\Users\varsh\eclipse-workspace\.metadata\.plugins\org.eclipse.swt\EBWebView\Default
2026-09-01 08:36:14.155: [INFO] Profiles total count: 1
2026-09-01 08:36:14.156: [INFO] Profile: name=Profile 1 path=C:\Users\varsh\eclipse-workspace\.metadata\.plugins\org.eclipse.swt\EBWebView\Default lastActive=2026-09-01T06:16:58.250Z
2026-09-01 08:36:14.156: [INFO] LastUsedProfileDir: C:\Users\varsh\eclipse-workspace\.metadata\.plugins\org.eclipse.swt\EBWebView\Default
2026-09-01 08:36:14.156: [INFO] MostRecentlyActiveProfile: name=Profile 1 path=C:\Users\varsh\eclipse-workspace\.metadata\.plugins\org.eclipse.swt\EBWebView\Default lastActive=2026-09-01T06:16:58.250Z
2026-09-01 08:36:14.156: [INFO] OnDoneLoading sync enabled: 0
2026-09-01 08:36:14.156: [INFO] BookmarkModelLoaded, ids_reassigned: 0
2026-09-01 08:36:14.156: [INFO] BookmarksLoadDropped droppedNodes=0
2026-09-01 08:36:14.156: [INFO] BookmarksSnapshot Startup total=0 bar=0 other=0 mobile=0 showBar=0 showBarNTP=1
2026-09-01 08:40:54.977: [INFO] BookmarksSnapshot Shutdown total=0 bar=0 other=0 mobile=0 showBar=0 showBarNTP=1
2026-09-01 08:41:42.922: [INFO] CurrentProfilePath: C:\Users\varsh\eclipse-workspace\.metadata\.plugins\org.eclipse.swt\EBWebView\Default
2026-09-01 08:41:42.922: [INFO] Profiles total count: 1
2026-09-01 08:41:42.923: [INFO] Profile: name=Profile 1 path=C:\Users\varsh\eclipse-workspace\.metadata\.plugins\org.eclipse.swt\EBWebView\Default lastActive=2026-09-01T06:16:58.250Z
2026-09-01 08:41:42.923: [INFO] LastUsedProfileDir: C:\Users\varsh\eclipse-workspace\.metadata\.plugins\org.eclipse.swt\EBWebView\Default
2026-09-01 08:41:42.923: [INFO] MostRecentlyActiveProfile: name=Profile 1 path=C:\Users\varsh\eclipse-workspace\.metadata\.plugins\org.eclipse.swt\EBWebView\Default lastActive=2026-09-01T06:16:58.250Z
2026-09-01 08:41:42.923: [INFO] OnDoneLoading sync enabled: 0
2026-09-01 08:41:42.923: [INFO] BookmarkModelLoaded, ids_reassigned: 0
2026-09-01 08:41:42.923: [INFO] BookmarksLoadDropped droppedNodes=0
2026-09-01 08:41:42.923: [INFO] BookmarksSnapshot Startup total=0 bar=0 other=0 mobile=0 showBar=0 showBarNTP=1
2026-09-01 08:51:26.197: [INFO] BookmarksSnapshot Shutdown total=0 bar=0 other=0 mobile=0 showBar=0 showBarNTP=1
2026-09-01 08:52:46.508: [INFO] CurrentProfilePath: C:\Users\varsh\eclipse-workspace\.metadata\.plugins\org.eclipse.swt\EBWebView\Default
2026-09-01 08:52:46.508: [INFO] Profiles total count: 1
2026-09-01 08:52:46.509: [INFO] Profile: name=Profile 1 path=C:\Users\varsh\eclipse-workspace\.metadata\.plugins\org.eclipse.swt\EBWebView\Default lastActive=2026-09-01T06:16:58.250Z
2026-09-01 08:52:46.509: [INFO] LastUsedProfileDir: C:\Users\varsh\eclipse-workspace\.metadata\.plugins\org.eclipse.swt\EBWebView\Default
2026-09-01 08:52:46.509: [INFO] MostRecentlyActiveProfile: name=Profile 1 path=C:\Users\varsh\eclipse-workspace\.metadata\.plugins\org.eclipse.swt\EBWebView\Default lastActive=2026-09-01T06:16:58.250Z
2026-09-01 08:52:46.509: [INFO] OnDoneLoading sync enabled: 0
2026-09-01 08:52:46.509: [INFO] BookmarkModelLoaded, ids_reassigned: 0
2026-09-01 08:52:46.509: [INFO] BookmarksLoadDropped droppedNodes=0
2026-09-01 08:52:46.509: [INFO] BookmarksSnapshot Startup total=0 bar=0 other=0 mobile=0 showBar=0 showBarNTP=1
2026-09-01 09:38:19.420: [INFO] BookmarksSnapshot Shutdown total=0 bar=0 other=0 mobile=0 showBar=0 showBarNTP=1
2026-09-01 09:38:47.680: [INFO] CurrentProfilePath: C:\Users\varsh\eclipse-workspace\.metadata\.plugins\org.eclipse.swt\EBWebView\Default
2026-09-01 09:38:47.680: [INFO] Profiles total count: 1
2026-09-01 09:38:47.680: [INFO] Profile: name=Profile 1 path=C:\Users\varsh\eclipse-workspace\.metadata\.plugins\org.eclipse.swt\EBWebView\Default lastActive=2026-09-01T06:16:58.250Z
2026-09-01 09:38:47.680: [INFO] LastUsedProfileDir: C:\Users\varsh\eclipse-workspace\.metadata\.plugins\org.eclipse.swt\EBWebView\Default
2026-09-01 09:38:47.680: [INFO] MostRecentlyActiveProfile: name=Profile 1 path=C:\Users\varsh\eclipse-workspace\.metadata\.plugins\org.eclipse.swt\EBWebView\Default lastActive=2026-09-01T06:16:58.250Z
2026-09-01 09:38:47.680: [INFO] OnDoneLoading sync enabled: 0
2026-09-01 09:38:47.680: [INFO] BookmarkModelLoaded, ids_reassigned: 0
2026-09-01 09:38:47.680: [INFO] BookmarksLoadDropped droppedNodes=0
2026-09-01 09:38:47.680: [INFO] BookmarksSnapshot Startup total=0 bar=0 other=0 mobile=0 showBar=0 showBarNTP=1
2026-09-01 10:08:50.289: [INFO] BookmarksSnapshot Shutdown total=0 bar=0 other=0 mobile=0 showBar=0 showBarNTP=1
2026-09-01 14:33:42.635: [INFO] CurrentProfilePath: C:\Users\varsh\eclipse-workspace\.metadata\.plugins\org.eclipse.swt\EBWebView\Default
2026-09-01 14:33:42.635: [INFO] Profiles total count: 1
2026-09-01 14:33:42.636: [INFO] Profile: name=Profile 1 path=C:\Users\varsh\eclipse-workspace\.metadata\.plugins\org.eclipse.swt\EBWebView\Default lastActive=2026-09-01T06:16:58.250Z
2026-09-01 14:33:42.636: [INFO] LastUsedProfileDir: C:\Users\varsh\eclipse-workspace\.metadata\.plugins\org.eclipse.swt\EBWebView\Default
2026-09-01 14:33:42.637: [INFO] MostRecentlyActiveProfile: name=Profile 1 path=C:\Users\varsh\eclipse-workspace\.metadata\.plugins\org.eclipse.swt\EBWebView\Default lastActive=2026-09-01T06:16:58.250Z
2026-09-01 14:33:42.637: [INFO] OnDoneLoading sync enabled: 0
2026-09-01 14:33:42.637: [INFO] BookmarkModelLoaded, ids_reassigned: 0
2026-09-01 14:33:42.637: [INFO] BookmarksLoadDropped droppedNodes=0
2026-09-01 14:33:42.637: [INFO] BookmarksSnapshot Startup total=0 bar=0 other=0 mobile=0 showBar=0 showBarNTP=1
2026-09-01 14:33:50.596: [INFO] BookmarksSnapshot Shutdown total=0 bar=0 other=0 mobile=0 showBar=0 showBarNTP=1
2026-09-01 14:36:34.014: [INFO] CurrentProfilePath: C:\Users\varsh\eclipse-workspace\.metadata\.plugins\org.eclipse.swt\EBWebView\Default
2026-09-01 14:36:34.014: [INFO] Profiles total count: 1
2026-09-01 14:36:34.014: [INFO] Profile: name=Profile 1 path=C:\Users\varsh\eclipse-workspace\.metadata\.plugins\org.eclipse.swt\EBWebView\Default lastActive=2026-09-01T06:16:58.250Z
2026-09-01 14:36:34.014: [INFO] LastUsedProfileDir: C:\Users\varsh\eclipse-workspace\.metadata\.plugins\org.eclipse.swt\EBWebView\Default
2026-09-01 14:36:34.014: [INFO] MostRecentlyActiveProfile: name=Profile 1 path=C:\Users\varsh\eclipse-workspace\.metadata\.plugins\org.eclipse.swt\EBWebView\Default lastActive=2026-09-01T06:16:58.250Z
2026-09-01 14:36:34.014: [INFO] OnDoneLoading sync enabled: 0
2026-09-01 14:36:34.014: [INFO] BookmarkModelLoaded, ids_reassigned: 0
2026-09-01 14:36:34.014: [INFO] BookmarksLoadDropped droppedNodes=0
2026-09-01 14:36:34.014: [INFO] BookmarksSnapshot Startup total=0 bar=0 other=0 mobile=0 showBar=0 showBarNTP=1
2026-09-01 14:36:37.262: [INFO] BookmarksSnapshot Shutdown total=0 bar=0 other=0 mobile=0 showBar=0 showBarNTP=1
2026-09-01 14:38:19.026: [INFO] CurrentProfilePath: C:\Users\varsh\eclipse-workspace\.metadata\.plugins\org.eclipse.swt\EBWebView\Default
2026-09-01 14:38:19.026: [INFO] Profiles total count: 1
2026-09-01 14:38:19.027: [INFO] Profile: name=Profile 1 path=C:\Users\varsh\eclipse-workspace\.metadata\.plugins\org.eclipse.swt\EBWebView\Default lastActive=2026-09-01T06:16:58.250Z
2026-09-01 14:38:19.027: [INFO] LastUsedProfileDir: C:\Users\varsh\eclipse-workspace\.metadata\.plugins\org.eclipse.swt\EBWebView\Default
2026-09-01 14:38:19.027: [INFO] MostRecentlyActiveProfile: name=Profile 1 path=C:\Users\varsh\eclipse-workspace\.metadata\.plugins\org.eclipse.swt\EBWebView\Default lastActive=2026-09-01T06:16:58.250Z
2026-09-01 14:38:19.027: [INFO] OnDoneLoading sync enabled: 0
2026-09-01 14:38:19.027: [INFO] BookmarkModelLoaded, ids_reassigned: 0
2026-09-01 14:38:19.027: [INFO] BookmarksLoadDropped droppedNodes=0
2026-09-01 14:38:19.027: [INFO] BookmarksSnapshot Startup total=0 bar=0 other=0 mobile=0 showBar=0 showBarNTP=1
2026-09-01 14:38:23.565: [INFO] BookmarksSnapshot Shutdown total=0 bar=0 other=0 mobile=0 showBar=0 showBarNTP=1
2026-09-01 14:40:26.451: [INFO] CurrentProfilePath: C:\Users\varsh\eclipse-workspace\.metadata\.plugins\org.eclipse.swt\EBWebView\Default
2026-09-01 14:40:26.451: [INFO] Profiles total count: 1
2026-09-01 14:40:26.451: [INFO] Profile: name=Profile 1 path=C:\Users\varsh\eclipse-workspace\.metadata\.plugins\org.eclipse.swt\EBWebView\Default lastActive=2026-09-01T06:16:58.250Z
2026-09-01 14:40:26.451: [INFO] LastUsedProfileDir: C:\Users\varsh\eclipse-workspace\.metadata\.plugins\org.eclipse.swt\EBWebView\Default
2026-09-01 14:40:26.451: [INFO] MostRecentlyActiveProfile: name=Profile 1 path=C:\Users\varsh\eclipse-workspace\.metadata\.plugins\org.eclipse.swt\EBWebView\Default lastActive=2026-09-01T06:16:58.250Z
2026-09-01 14:40:26.451: [INFO] OnDoneLoading sync enabled: 0
2026-09-01 14:40:26.451: [INFO] BookmarkModelLoaded, ids_reassigned: 0
2026-09-01 14:40:26.451: [INFO] BookmarksLoadDropped droppedNodes=0
2026-09-01 14:40:26.451: [INFO] BookmarksSnapshot Startup total=0 bar=0 other=0 mobile=0 showBar=0 showBarNTP=1
2026-09-01 14:42:54.014: [INFO] BookmarksSnapshot Shutdown total=0 bar=0 other=0 mobile=0 showBar=0 showBarNTP=1
2026-09-01 14:44:35.972: [INFO] CurrentProfilePath: C:\Users\varsh\eclipse-workspace\.metadata\.plugins\org.eclipse.swt\EBWebView\Default
2026-09-01 14:44:35.972: [INFO] Profiles total count: 1
2026-09-01 14:44:35.973: [INFO] Profile: name=Profile 1 path=C:\Users\varsh\eclipse-workspace\.metadata\.plugins\org.eclipse.swt\EBWebView\Default lastActive=2026-09-01T06:16:58.250Z
2026-09-01 14:44:35.973: [INFO] LastUsedProfileDir: C:\Users\varsh\eclipse-workspace\.metadata\.plugins\org.eclipse.swt\EBWebView\Default
2026-09-01 14:44:35.973: [INFO] MostRecentlyActiveProfile: name=Profile 1 path=C:\Users\varsh\eclipse-workspace\.metadata\.plugins\org.eclipse.swt\EBWebView\Default lastActive=2026-09-01T06:16:58.250Z
2026-09-01 14:44:35.973: [INFO] OnDoneLoading sync enabled: 0
2026-09-01 14:44:35.973: [INFO] BookmarkModelLoaded, ids_reassigned: 0
2026-09-01 14:44:35.973: [INFO] BookmarksLoadDropped droppedNodes=0
2026-09-01 14:44:35.973: [INFO] BookmarksSnapshot Startup total=0 bar=0 other=0 mobile=0 showBar=0 showBarNTP=1
2026-09-01 14:44:39.088: [INFO] BookmarksSnapshot Shutdown total=0 bar=0 other=0 mobile=0 showBar=0 showBarNTP=1
2026-09-01 14:45:08.914: [INFO] CurrentProfilePath: C:\Users\varsh\eclipse-workspace\.metadata\.plugins\org.eclipse.swt\EBWebView\Default
2026-09-01 14:45:08.915: [INFO] Profiles total count: 1
2026-09-01 14:45:08.915: [INFO] Profile: name=Profile 1 path=C:\Users\varsh\eclipse-workspace\.metadata\.plugins\org.eclipse.swt\EBWebView\Default lastActive=2026-09-01T06:16:58.250Z
2026-09-01 14:45:08.915: [INFO] LastUsedProfileDir: C:\Users\varsh\eclipse-workspace\.metadata\.plugins\org.eclipse.swt\EBWebView\Default
2026-09-01 14:45:08.915: [INFO] MostRecentlyActiveProfile: name=Profile 1 path=C:\Users\varsh\eclipse-workspace\.metadata\.plugins\org.eclipse.swt\EBWebView\Default lastActive=2026-09-01T06:16:58.250Z
2026-09-01 14:45:08.915: [INFO] OnDoneLoading sync enabled: 0
2026-09-01 14:45:08.915: [INFO] BookmarkModelLoaded, ids_reassigned: 0
2026-09-01 14:45:08.915: [INFO] BookmarksLoadDropped droppedNodes=0
2026-09-01 14:45:08.915: [INFO] BookmarksSnapshot Startup total=0 bar=0 other=0 mobile=0 showBar=0 showBarNTP=1
2026-09-01 15:03:47.167: [INFO] BookmarksSnapshot Shutdown total=0 bar=0 other=0 mobile=0 showBar=0 showBarNTP=1
2026-09-02 05:17:18.970: [INFO] CurrentProfilePath: C:\Users\varsh\eclipse-workspace\.metadata\.plugins\org.eclipse.swt\EBWebView\Default
2026-09-02 05:17:18.970: [INFO] Profiles total count: 1
2026-09-02 05:17:18.971: [INFO] Profile: name=Profile 1 path=C:\Users\varsh\eclipse-workspace\.metadata\.plugins\org.eclipse.swt\EBWebView\Default lastActive=2026-09-01T06:16:58.250Z
2026-09-02 05:17:18.971: [INFO] LastUsedProfileDir: C:\Users\varsh\eclipse-workspace\.metadata\.plugins\org.eclipse.swt\EBWebView\Default
2026-09-02 05:17:18.971: [INFO] MostRecentlyActiveProfile: name=Profile 1 path=C:\Users\varsh\eclipse-workspace\.metadata\.plugins\org.eclipse.swt\EBWebView\Default lastActive=2026-09-01T06:16:58.250Z
2026-09-02 05:17:18.971: [INFO] OnDoneLoading sync enabled: 0
2026-09-02 05:17:18.971: [INFO] BookmarkModelLoaded, ids_reassigned: 0
2026-09-02 05:17:18.971: [INFO] BookmarksLoadDropped droppedNodes=0
2026-09-02 05:17:18.971: [INFO] BookmarksSnapshot Startup total=0 bar=0 other=0 mobile=0 showBar=0 showBarNTP=1
2026-09-02 05:17:44.266: [INFO] BookmarksSnapshot Shutdown total=0 bar=0 other=0 mobile=0 showBar=0 showBarNTP=1
2026-09-02 05:45:23.242: [INFO] CurrentProfilePath: C:\Users\varsh\eclipse-workspace\.metadata\.plugins\org.eclipse.swt\EBWebView\Default
2026-09-02 05:45:23.242: [INFO] Profiles total count: 1
2026-09-02 05:45:23.243: [INFO] Profile: name=Profile 1 path=C:\Users\varsh\eclipse-workspace\.metadata\.plugins\org.eclipse.swt\EBWebView\Default lastActive=2026-09-01T06:16:58.250Z
2026-09-02 05:45:23.243: [INFO] LastUsedProfileDir: C:\Users\varsh\eclipse-workspace\.metadata\.plugins\org.eclipse.swt\EBWebView\Default
2026-09-02 05:45:23.243: [INFO] MostRecentlyActiveProfile: name=Profile 1 path=C:\Users\varsh\eclipse-workspace\.metadata\.plugins\org.eclipse.swt\EBWebView\Default lastActive=2026-09-01T06:16:58.250Z
2026-09-02 05:45:23.243: [INFO] OnDoneLoading sync enabled: 0
2026-09-02 05:45:23.243: [INFO] BookmarkModelLoaded, ids_reassigned: 0
2026-09-02 05:45:23.243: [INFO] BookmarksLoadDropped droppedNodes=0
2026-09-02 05:45:23.243: [INFO] BookmarksSnapshot Startup total=0 bar=0 other=0 mobile=0 showBar=0 showBarNTP=1
2026-09-02 05:45:30.698: [INFO] BookmarksSnapshot Shutdown total=0 bar=0 other=0 mobile=0 showBar=0 showBarNTP=1
2026-09-02 06:16:40.331: [INFO] CurrentProfilePath: C:\Users\varsh\eclipse-workspace\.metadata\.plugins\org.eclipse.swt\EBWebView\Default
2026-09-02 06:16:40.331: [INFO] Profiles total count: 1
2026-09-02 06:16:40.332: [INFO] Profile: name=Profile 1 path=C:\Users\varsh\eclipse-workspace\.metadata\.plugins\org.eclipse.swt\EBWebView\Default lastActive=2026-09-01T06:16:58.250Z
2026-09-02 06:16:40.332: [INFO] LastUsedProfileDir: C:\Users\varsh\eclipse-workspace\.metadata\.plugins\org.eclipse.swt\EBWebView\Default
2026-09-02 06:16:40.332: [INFO] MostRecentlyActiveProfile: name=Profile 1 path=C:\Users\varsh\eclipse-workspace\.metadata\.plugins\org.eclipse.swt\EBWebView\Default lastActive=2026-09-01T06:16:58.250Z
2026-09-02 06:16:40.332: [INFO] OnDoneLoading sync enabled: 0
2026-09-02 06:16:40.332: [INFO] BookmarkModelLoaded, ids_reassigned: 0
2026-09-02 06:16:40.332: [INFO] BookmarksLoadDropped droppedNodes=0
2026-09-02 06:16:40.332: [INFO] BookmarksSnapshot Startup total=0 bar=0 other=0 mobile=0 showBar=0 showBarNTP=1
2026-09-02 06:17:26.938: [INFO] BookmarksSnapshot Shutdown total=0 bar=0 other=0 mobile=0 showBar=0 showBarNTP=1
2026-09-02 06:19:07.818: [INFO] CurrentProfilePath: C:\Users\varsh\eclipse-workspace\.metadata\.plugins\org.eclipse.swt\EBWebView\Default
2026-09-02 06:19:07.818: [INFO] Profiles total count: 1
2026-09-02 06:19:07.819: [INFO] Profile: name=Profile 1 path=C:\Users\varsh\eclipse-workspace\.metadata\.plugins\org.eclipse.swt\EBWebView\Default lastActive=2026-09-01T06:16:58.250Z
2026-09-02 06:19:07.819: [INFO] LastUsedProfileDir: C:\Users\varsh\eclipse-workspace\.metadata\.plugins\org.eclipse.swt\EBWebView\Default
2026-09-02 06:19:07.819: [INFO] MostRecentlyActiveProfile: name=Profile 1 path=C:\Users\varsh\eclipse-workspace\.metadata\.plugins\org.eclipse.swt\EBWebView\Default lastActive=2026-09-01T06:16:58.250Z
2026-09-02 06:19:07.819: [INFO] OnDoneLoading sync enabled: 0
2026-09-02 06:19:07.819: [INFO] BookmarkModelLoaded, ids_reassigned: 0
2026-09-02 06:19:07.819: [INFO] BookmarksLoadDropped droppedNodes=0
2026-09-02 06:19:07.819: [INFO] BookmarksSnapshot Startup total=0 bar=0 other=0 mobile=0 showBar=0 showBarNTP=1
2026-09-03 01:50:26.570: [INFO] BookmarksSnapshot Shutdown total=0 bar=0 other=0 mobile=0 showBar=0 showBarNTP=1
2026-09-03 05:27:35.299: [INFO] CurrentProfilePath: C:\Users\varsh\eclipse-workspace\.metadata\.plugins\org.eclipse.swt\EBWebView\Default
2026-09-03 05:27:35.299: [INFO] Profiles total count: 1
2026-09-03 05:27:35.299: [INFO] Profile: name=Profile 1 path=C:\Users\varsh\eclipse-workspace\.metadata\.plugins\org.eclipse.swt\EBWebView\Default lastActive=2026-09-02T06:21:57.022Z
2026-09-03 05:27:35.299: [INFO] LastUsedProfileDir: C:\Users\varsh\eclipse-workspace\.metadata\.plugins\org.eclipse.swt\EBWebView\Default
2026-09-03 05:27:35.299: [INFO] MostRecentlyActiveProfile: name=Profile 1 path=C:\Users\varsh\eclipse-workspace\.metadata\.plugins\org.eclipse.swt\EBWebView\Default lastActive=2026-09-02T06:21:57.022Z
2026-09-03 05:27:35.299: [INFO] OnDoneLoading sync enabled: 0
2026-09-03 05:27:35.299: [INFO] BookmarkModelLoaded, ids_reassigned: 0
2026-09-03 05:27:35.299: [INFO] BookmarksLoadDropped droppedNodes=0
2026-09-03 05:27:35.299: [INFO] BookmarksSnapshot Startup total=0 bar=0 other=0 mobile=0 showBar=0 showBarNTP=1
2026-09-03 05:27:45.230: [INFO] BookmarksSnapshot Shutdown total=0 bar=0 other=0 mobile=0 showBar=0 showBarNTP=1
2026-09-03 05:31:45.192: [INFO] CurrentProfilePath: C:\Users\varsh\eclipse-workspace\.metadata\.plugins\org.eclipse.swt\EBWebView\Default
2026-09-03 05:31:45.192: [INFO] Profiles total count: 1
2026-09-03 05:31:45.192: [INFO] Profile: name=Profile 1 path=C:\Users\varsh\eclipse-workspace\.metadata\.plugins\org.eclipse.swt\EBWebView\Default lastActive=2026-09-03T05:27:40.671Z
2026-09-03 05:31:45.192: [INFO] LastUsedProfileDir: C:\Users\varsh\eclipse-workspace\.metadata\.plugins\org.eclipse.swt\EBWebView\Default
2026-09-03 05:31:45.193: [INFO] MostRecentlyActiveProfile: name=Profile 1 path=C:\Users\varsh\eclipse-workspace\.metadata\.plugins\org.eclipse.swt\EBWebView\Default lastActive=2026-09-03T05:27:40.671Z
2026-09-03 05:31:45.193: [INFO] OnDoneLoading sync enabled: 0
2026-09-03 05:31:45.193: [INFO] BookmarkModelLoaded, ids_reassigned: 0
2026-09-03 05:31:45.193: [INFO] BookmarksLoadDropped droppedNodes=0
2026-09-03 05:31:45.193: [INFO] BookmarksSnapshot Startup total=0 bar=0 other=0 mobile=0 showBar=0 showBarNTP=1
2026-09-03 05:31:52.153: [INFO] BookmarksSnapshot Shutdown total=0 bar=0 other=0 mobile=0 showBar=0 showBarNTP=1
2026-09-03 05:32:02.157: [INFO] CurrentProfilePath: C:\Users\varsh\eclipse-workspace\.metadata\.plugins\org.eclipse.swt\EBWebView\Default
2026-09-03 05:32:02.157: [INFO] Profiles total count: 1
2026-09-03 05:32:02.158: [INFO] Profile: name=Profile 1 path=C:\Users\varsh\eclipse-workspace\.metadata\.plugins\org.eclipse.swt\EBWebView\Default lastActive=2026-09-03T05:27:40.671Z
2026-09-03 05:32:02.158: [INFO] LastUsedProfileDir: C:\Users\varsh\eclipse-workspace\.metadata\.plugins\org.eclipse.swt\EBWebView\Default
2026-09-03 05:32:02.158: [INFO] MostRecentlyActiveProfile: name=Profile 1 path=C:\Users\varsh\eclipse-workspace\.metadata\.plugins\org.eclipse.swt\EBWebView\Default lastActive=2026-09-03T05:27:40.671Z
2026-09-03 05:32:02.158: [INFO] OnDoneLoading sync enabled: 0
2026-09-03 05:32:02.158: [INFO] BookmarkModelLoaded, ids_reassigned: 0
2026-09-03 05:32:02.158: [INFO] BookmarksLoadDropped droppedNodes=0
2026-09-03 05:32:02.158: [INFO] BookmarksSnapshot Startup total=0 bar=0 other=0 mobile=0 showBar=0 showBarNTP=1
2026-09-03 05:33:29.431: [INFO] BookmarksSnapshot Shutdown total=0 bar=0 other=0 mobile=0 showBar=0 showBarNTP=1
2026-09-03 05:33:37.599: [INFO] CurrentProfilePath: C:\Users\varsh\eclipse-workspace\.metadata\.plugins\org.eclipse.swt\EBWebView\Default
2026-09-03 05:33:37.599: [INFO] Profiles total count: 1
2026-09-03 05:33:37.599: [INFO] Profile: name=Profile 1 path=C:\Users\varsh\eclipse-workspace\.metadata\.plugins\org.eclipse.swt\EBWebView\Default lastActive=2026-09-03T05:27:40.671Z
2026-09-03 05:33:37.599: [INFO] LastUsedProfileDir: C:\Users\varsh\eclipse-workspace\.metadata\.plugins\org.eclipse.swt\EBWebView\Default
2026-09-03 05:33:37.600: [INFO] MostRecentlyActiveProfile: name=Profile 1 path=C:\Users\varsh\eclipse-workspace\.metadata\.plugins\org.eclipse.swt\EBWebView\Default lastActive=2026-09-03T05:27:40.671Z
2026-09-03 05:33:37.600: [INFO] OnDoneLoading sync enabled: 0
2026-09-03 05:33:37.600: [INFO] BookmarkModelLoaded, ids_reassigned: 0
2026-09-03 05:33:37.600: [INFO] BookmarksLoadDropped droppedNodes=0
2026-09-03 05:33:37.600: [INFO] BookmarksSnapshot Startup total=0 bar=0 other=0 mobile=0 showBar=0 showBarNTP=1
2026-09-03 05:33:54.268: [INFO] BookmarksSnapshot Shutdown total=0 bar=0 other=0 mobile=0 showBar=0 showBarNTP=1
2026-09-03 07:11:08.194: [INFO] CurrentProfilePath: C:\Users\varsh\eclipse-workspace\.metadata\.plugins\org.eclipse.swt\EBWebView\Default
2026-09-03 07:11:08.194: [INFO] Profiles total count: 1
2026-09-03 07:11:08.194: [INFO] Profile: name=Profile 1 path=C:\Users\varsh\eclipse-workspace\.metadata\.plugins\org.eclipse.swt\EBWebView\Default lastActive=2026-09-03T05:27:40.671Z
2026-09-03 07:11:08.194: [INFO] LastUsedProfileDir: C:\Users\varsh\eclipse-workspace\.metadata\.plugins\org.eclipse.swt\EBWebView\Default
2026-09-03 07:11:08.194: [INFO] MostRecentlyActiveProfile: name=Profile 1 path=C:\Users\varsh\eclipse-workspace\.metadata\.plugins\org.eclipse.swt\EBWebView\Default lastActive=2026-09-03T05:27:40.671Z
2026-09-03 07:11:08.194: [INFO] OnDoneLoading sync enabled: 0
2026-09-03 07:11:08.194: [INFO] BookmarkModelLoaded, ids_reassigned: 0
2026-09-03 07:11:08.194: [INFO] BookmarksLoadDropped droppedNodes=0
2026-09-03 07:11:08.194: [INFO] BookmarksSnapshot Startup total=0 bar=0 other=0 mobile=0 showBar=0 showBarNTP=1
2026-09-03 09:48:09.731: [INFO] BookmarksSnapshot Shutdown total=0 bar=0 other=0 mobile=0 showBar=0 showBarNTP=1
2026-09-04 04:06:52.546: [INFO] CurrentProfilePath: C:\Users\varsh\eclipse-workspace\.metadata\.plugins\org.eclipse.swt\EBWebView\Default
2026-09-04 04:06:52.546: [INFO] Profiles total count: 1
2026-09-04 04:06:52.546: [INFO] Profile: name=Profile 1 path=C:\Users\varsh\eclipse-workspace\.metadata\.plugins\org.eclipse.swt\EBWebView\Default lastActive=2026-09-03T05:27:40.671Z
2026-09-04 04:06:52.546: [INFO] LastUsedProfileDir: C:\Users\varsh\eclipse-workspace\.metadata\.plugins\org.eclipse.swt\EBWebView\Default
2026-09-04 04:06:52.546: [INFO] MostRecentlyActiveProfile: name=Profile 1 path=C:\Users\varsh\eclipse-workspace\.metadata\.plugins\org.eclipse.swt\EBWebView\Default lastActive=2026-09-03T05:27:40.671Z
2026-09-04 04:06:52.546: [INFO] OnDoneLoading sync enabled: 0
2026-09-04 04:06:52.546: [INFO] BookmarkModelLoaded, ids_reassigned: 0
2026-09-04 04:06:52.546: [INFO] BookmarksLoadDropped droppedNodes=0
2026-09-04 04:06:52.546: [INFO] BookmarksSnapshot Startup total=0 bar=0 other=0 mobile=0 showBar=0 showBarNTP=1
2026-09-04 04:16:16.365: [INFO] BookmarksSnapshot Shutdown total=0 bar=0 other=0 mobile=0 showBar=0 showBarNTP=1
2026-09-04 04:44:28.968: [INFO] CurrentProfilePath: C:\Users\varsh\eclipse-workspace\.metadata\.plugins\org.eclipse.swt\EBWebView\Default
2026-09-04 04:44:28.968: [INFO] Profiles total count: 1
2026-09-04 04:44:28.969: [INFO] Profile: name=Profile 1 path=C:\Users\varsh\eclipse-workspace\.metadata\.plugins\org.eclipse.swt\EBWebView\Default lastActive=2026-09-04T04:16:13.126Z
2026-09-04 04:44:28.969: [INFO] LastUsedProfileDir: C:\Users\varsh\eclipse-workspace\.metadata\.plugins\org.eclipse.swt\EBWebView\Default
2026-09-04 04:44:28.969: [INFO] MostRecentlyActiveProfile: name=Profile 1 path=C:\Users\varsh\eclipse-workspace\.metadata\.plugins\org.eclipse.swt\EBWebView\Default lastActive=2026-09-04T04:16:13.126Z
2026-09-04 04:44:28.969: [INFO] OnDoneLoading sync enabled: 0
2026-09-04 04:44:28.969: [INFO] BookmarkModelLoaded, ids_reassigned: 0
2026-09-04 04:44:28.969: [INFO] BookmarksLoadDropped droppedNodes=0
2026-09-04 04:44:28.969: [INFO] BookmarksSnapshot Startup total=0 bar=0 other=0 mobile=0 showBar=0 showBarNTP=1
2026-09-04 04:44:29.176: [INFO] BookmarksSnapshot Shutdown total=0 bar=0 other=0 mobile=0 showBar=0 showBarNTP=1
2026-09-04 04:45:28.403: [INFO] CurrentProfilePath: C:\Users\varsh\eclipse-workspace\.metadata\.plugins\org.eclipse.swt\EBWebView\Default
2026-09-04 04:45:28.404: [INFO] Profiles total count: 1
2026-09-04 04:45:28.404: [INFO] Profile: name=Profile 1 path=C:\Users\varsh\eclipse-workspace\.metadata\.plugins\org.eclipse.swt\EBWebView\Default lastActive=2026-09-04T04:16:13.126Z
2026-09-04 04:45:28.404: [INFO] LastUsedProfileDir: C:\Users\varsh\eclipse-workspace\.metadata\.plugins\org.eclipse.swt\EBWebView\Default
2026-09-04 04:45:28.404: [INFO] MostRecentlyActiveProfile: name=Profile 1 path=C:\Users\varsh\eclipse-workspace\.metadata\.plugins\org.eclipse.swt\EBWebView\Default lastActive=2026-09-04T04:16:13.126Z
2026-09-04 04:45:28.404: [INFO] OnDoneLoading sync enabled: 0
2026-09-04 04:45:28.404: [INFO] BookmarkModelLoaded, ids_reassigned: 0
2026-09-04 04:45:28.404: [INFO] BookmarksLoadDropped droppedNodes=0
2026-09-04 04:45:28.404: [INFO] BookmarksSnapshot Startup total=0 bar=0 other=0 mobile=0 showBar=0 showBarNTP=1
2026-09-04 04:45:28.593: [INFO] BookmarksSnapshot Shutdown total=0 bar=0 other=0 mobile=0 showBar=0 showBarNTP=1
2026-09-04 04:45:43.332: [INFO] CurrentProfilePath: C:\Users\varsh\eclipse-workspace\.metadata\.plugins\org.eclipse.swt\EBWebView\Default
2026-09-04 04:45:43.332: [INFO] Profiles total count: 1
2026-09-04 04:45:43.332: [INFO] Profile: name=Profile 1 path=C:\Users\varsh\eclipse-workspace\.metadata\.plugins\org.eclipse.swt\EBWebView\Default lastActive=2026-09-04T04:16:13.126Z
2026-09-04 04:45:43.332: [INFO] LastUsedProfileDir: C:\Users\varsh\eclipse-workspace\.metadata\.plugins\org.eclipse.swt\EBWebView\Default
2026-09-04 04:45:43.332: [INFO] MostRecentlyActiveProfile: name=Profile 1 path=C:\Users\varsh\eclipse-workspace\.metadata\.plugins\org.eclipse.swt\EBWebView\Default lastActive=2026-09-04T04:16:13.126Z
2026-09-04 04:45:43.332: [INFO] OnDoneLoading sync enabled: 0
2026-09-04 04:45:43.332: [INFO] BookmarkModelLoaded, ids_reassigned: 0
2026-09-04 04:45:43.332: [INFO] BookmarksLoadDropped droppedNodes=0
2026-09-04 04:45:43.332: [INFO] BookmarksSnapshot Startup total=0 bar=0 other=0 mobile=0 showBar=0 showBarNTP=1
2026-09-04 04:45:46.361: [INFO] BookmarksSnapshot Shutdown total=0 bar=0 other=0 mobile=0 showBar=0 showBarNTP=1
2026-09-04 04:46:15.168: [INFO] CurrentProfilePath: C:\Users\varsh\eclipse-workspace\.metadata\.plugins\org.eclipse.swt\EBWebView\Default
2026-09-04 04:46:15.168: [INFO] Profiles total count: 1
2026-09-04 04:46:15.169: [INFO] Profile: name=Profile 1 path=C:\Users\varsh\eclipse-workspace\.metadata\.plugins\org.eclipse.swt\EBWebView\Default lastActive=2026-09-04T04:16:13.126Z
2026-09-04 04:46:15.169: [INFO] LastUsedProfileDir: C:\Users\varsh\eclipse-workspace\.metadata\.plugins\org.eclipse.swt\EBWebView\Default
2026-09-04 04:46:15.169: [INFO] MostRecentlyActiveProfile: name=Profile 1 path=C:\Users\varsh\eclipse-workspace\.metadata\.plugins\org.eclipse.swt\EBWebView\Default lastActive=2026-09-04T04:16:13.126Z
2026-09-04 04:46:15.169: [INFO] OnDoneLoading sync enabled: 0
2026-09-04 04:46:15.169: [INFO] BookmarkModelLoaded, ids_reassigned: 0
2026-09-04 04:46:15.169: [INFO] BookmarksLoadDropped droppedNodes=0
2026-09-04 04:46:15.169: [INFO] BookmarksSnapshot Startup total=0 bar=0 other=0 mobile=0 showBar=0 showBarNTP=1
2026-09-04 04:46:18.694: [INFO] BookmarksSnapshot Shutdown total=0 bar=0 other=0 mobile=0 showBar=0 showBarNTP=1
2026-09-04 04:47:39.588: [INFO] CurrentProfilePath: C:\Users\varsh\eclipse-workspace\.metadata\.plugins\org.eclipse.swt\EBWebView\Default
2026-09-04 04:47:39.589: [INFO] Profiles total count: 1
2026-09-04 04:47:39.589: [INFO] Profile: name=Profile 1 path=C:\Users\varsh\eclipse-workspace\.metadata\.plugins\org.eclipse.swt\EBWebView\Default lastActive=2026-09-04T04:16:13.126Z
2026-09-04 04:47:39.589: [INFO] LastUsedProfileDir: C:\Users\varsh\eclipse-workspace\.metadata\.plugins\org.eclipse.swt\EBWebView\Default
2026-09-04 04:47:39.589: [INFO] MostRecentlyActiveProfile: name=Profile 1 path=C:\Users\varsh\eclipse-workspace\.metadata\.plugins\org.eclipse.swt\EBWebView\Default lastActive=2026-09-04T04:16:13.126Z
2026-09-04 04:47:39.589: [INFO] OnDoneLoading sync enabled: 0
2026-09-04 04:47:39.589: [INFO] BookmarkModelLoaded, ids_reassigned: 0
2026-09-04 04:47:39.589: [INFO] BookmarksLoadDropped droppedNodes=0
2026-09-04 04:47:39.589: [INFO] BookmarksSnapshot Startup total=0 bar=0 other=0 mobile=0 showBar=0 showBarNTP=1
2026-09-04 05:20:22.624: [INFO] BookmarksSnapshot Shutdown total=0 bar=0 other=0 mobile=0 showBar=0 showBarNTP=1
2026-09-04 05:30:19.756: [INFO] CurrentProfilePath: C:\Users\varsh\eclipse-workspace\.metadata\.plugins\org.eclipse.swt\EBWebView\Default
2026-09-04 05:30:19.756: [INFO] Profiles total count: 1
2026-09-04 05:30:19.756: [INFO] Profile: name=Profile 1 path=C:\Users\varsh\eclipse-workspace\.metadata\.plugins\org.eclipse.swt\EBWebView\Default lastActive=2026-09-04T04:16:13.126Z
2026-09-04 05:30:19.756: [INFO] LastUsedProfileDir: C:\Users\varsh\eclipse-workspace\.metadata\.plugins\org.eclipse.swt\EBWebView\Default
2026-09-04 05:30:19.756: [INFO] MostRecentlyActiveProfile: name=Profile 1 path=C:\Users\varsh\eclipse-workspace\.metadata\.plugins\org.eclipse.swt\EBWebView\Default lastActive=2026-09-04T04:16:13.126Z
2026-09-04 05:30:19.756: [INFO] OnDoneLoading sync enabled: 0
2026-09-04 05:30:19.756: [INFO] BookmarkModelLoaded, ids_reassigned: 0
2026-09-04 05:30:19.756: [INFO] BookmarksLoadDropped droppedNodes=0
2026-09-04 05:30:19.756: [INFO] BookmarksSnapshot Startup total=0 bar=0 other=0 mobile=0 showBar=0 showBarNTP=1
2026-09-04 09:40:24.929: [INFO] BookmarksSnapshot Shutdown total=0 bar=0 other=0 mobile=0 showBar=0 showBarNTP=1
2026-09-07 03:43:51.401: [INFO] CurrentProfilePath: C:\Users\varsh\eclipse-workspace\.metadata\.plugins\org.eclipse.swt\EBWebView\Default
2026-09-07 03:43:51.401: [INFO] Profiles total count: 1
2026-09-07 03:43:51.401: [INFO] Profile: name=Profile 1 path=C:\Users\varsh\eclipse-workspace\.metadata\.plugins\org.eclipse.swt\EBWebView\Default lastActive=2026-09-04T04:16:13.126Z
2026-09-07 03:43:51.401: [INFO] LastUsedProfileDir: C:\Users\varsh\eclipse-workspace\.metadata\.plugins\org.eclipse.swt\EBWebView\Default
2026-09-07 03:43:51.401: [INFO] MostRecentlyActiveProfile: name=Profile 1 path=C:\Users\varsh\eclipse-workspace\.metadata\.plugins\org.eclipse.swt\EBWebView\Default lastActive=2026-09-04T04:16:13.126Z
2026-09-07 03:43:51.401: [INFO] OnDoneLoading sync enabled: 0
2026-09-07 03:43:51.401: [INFO] BookmarkModelLoaded, ids_reassigned: 0
2026-09-07 03:43:51.401: [INFO] BookmarksLoadDropped droppedNodes=0
2026-09-07 03:43:51.401: [INFO] BookmarksSnapshot Startup total=0 bar=0 other=0 mobile=0 showBar=0 showBarNTP=1
2026-09-07 03:43:54.889: [INFO] BookmarksSnapshot Shutdown total=0 bar=0 other=0 mobile=0 showBar=0 showBarNTP=1
2026-09-07 03:49:15.006: [INFO] CurrentProfilePath: C:\Users\varsh\eclipse-workspace\.metadata\.plugins\org.eclipse.swt\EBWebView\Default
2026-09-07 03:49:15.006: [INFO] Profiles total count: 1
2026-09-07 03:49:15.006: [INFO] Profile: name=Profile 1 path=C:\Users\varsh\eclipse-workspace\.metadata\.plugins\org.eclipse.swt\EBWebView\Default lastActive=2026-09-04T04:16:13.126Z
2026-09-07 03:49:15.006: [INFO] LastUsedProfileDir: C:\Users\varsh\eclipse-workspace\.metadata\.plugins\org.eclipse.swt\EBWebView\Default
2026-09-07 03:49:15.006: [INFO] MostRecentlyActiveProfile: name=Profile 1 path=C:\Users\varsh\eclipse-workspace\.metadata\.plugins\org.eclipse.swt\EBWebView\Default lastActive=2026-09-04T04:16:13.126Z
2026-09-07 03:49:15.006: [INFO] OnDoneLoading sync enabled: 0
2026-09-07 03:49:15.006: [INFO] BookmarkModelLoaded, ids_reassigned: 0
2026-09-07 03:49:15.006: [INFO] BookmarksLoadDropped droppedNodes=0
2026-09-07 03:49:15.006: [INFO] BookmarksSnapshot Startup total=0 bar=0 other=0 mobile=0 showBar=0 showBarNTP=1
2026-09-07 10:01:33.216: [INFO] BookmarksSnapshot Shutdown total=0 bar=0 other=0 mobile=0 showBar=0 showBarNTP=1
2026-09-08 03:53:57.268: [INFO] CurrentProfilePath: C:\Users\varsh\eclipse-workspace\.metadata\.plugins\org.eclipse.swt\EBWebView\Default
2026-09-08 03:53:57.268: [INFO] Profiles total count: 1
2026-09-08 03:53:57.268: [INFO] Profile: name=Profile 1 path=C:\Users\varsh\eclipse-workspace\.metadata\.plugins\org.eclipse.swt\EBWebView\Default lastActive=2026-09-04T04:16:13.126Z
2026-09-08 03:53:57.268: [INFO] LastUsedProfileDir: C:\Users\varsh\eclipse-workspace\.metadata\.plugins\org.eclipse.swt\EBWebView\Default
2026-09-08 03:53:57.268: [INFO] MostRecentlyActiveProfile: name=Profile 1 path=C:\Users\varsh\eclipse-workspace\.metadata\.plugins\org.eclipse.swt\EBWebView\Default lastActive=2026-09-04T04:16:13.126Z
2026-09-08 03:53:57.268: [INFO] OnDoneLoading sync enabled: 0
2026-09-08 03:53:57.268: [INFO] BookmarkModelLoaded, ids_reassigned: 0
2026-09-08 03:53:57.268: [INFO] BookmarksLoadDropped droppedNodes=0
2026-09-08 03:53:57.268: [INFO] BookmarksSnapshot Startup total=0 bar=0 other=0 mobile=0 showBar=0 showBarNTP=1
2026-09-08 03:54:28.215: [INFO] BookmarksSnapshot Shutdown total=0 bar=0 other=0 mobile=0 showBar=0 showBarNTP=1
2026-09-08 04:30:27.030: [INFO] CurrentProfilePath: C:\Users\varsh\eclipse-workspace\.metadata\.plugins\org.eclipse.swt\EBWebView\Default
2026-09-08 04:30:27.031: [INFO] Profiles total count: 1
2026-09-08 04:30:27.031: [INFO] Profile: name=Profile 1 path=C:\Users\varsh\eclipse-workspace\.metadata\.plugins\org.eclipse.swt\EBWebView\Default lastActive=2026-09-04T04:16:13.126Z
2026-09-08 04:30:27.031: [INFO] LastUsedProfileDir: C:\Users\varsh\eclipse-workspace\.metadata\.plugins\org.eclipse.swt\EBWebView\Default
2026-09-08 04:30:27.031: [INFO] MostRecentlyActiveProfile: name=Profile 1 path=C:\Users\varsh\eclipse-workspace\.metadata\.plugins\org.eclipse.swt\EBWebView\Default lastActive=2026-09-04T04:16:13.126Z
2026-09-08 04:30:27.031: [INFO] OnDoneLoading sync enabled: 0
2026-09-08 04:30:27.031: [INFO] BookmarkModelLoaded, ids_reassigned: 0
2026-09-08 04:30:27.031: [INFO] BookmarksLoadDropped droppedNodes=0
2026-09-08 04:30:27.031: [INFO] BookmarksSnapshot Startup total=0 bar=0 other=0 mobile=0 showBar=0 showBarNTP=1
2026-09-08 04:30:42.757: [INFO] BookmarksSnapshot Shutdown total=0 bar=0 other=0 mobile=0 showBar=0 showBarNTP=1
2026-09-08 04:32:04.050: [INFO] CurrentProfilePath: C:\Users\varsh\eclipse-workspace\.metadata\.plugins\org.eclipse.swt\EBWebView\Default
2026-09-08 04:32:04.050: [INFO] Profiles total count: 1
2026-09-08 04:32:04.050: [INFO] Profile: name=Profile 1 path=C:\Users\varsh\eclipse-workspace\.metadata\.plugins\org.eclipse.swt\EBWebView\Default lastActive=2026-09-04T04:16:13.126Z
2026-09-08 04:32:04.050: [INFO] LastUsedProfileDir: C:\Users\varsh\eclipse-workspace\.metadata\.plugins\org.eclipse.swt\EBWebView\Default
2026-09-08 04:32:04.050: [INFO] MostRecentlyActiveProfile: name=Profile 1 path=C:\Users\varsh\eclipse-workspace\.metadata\.plugins\org.eclipse.swt\EBWebView\Default lastActive=2026-09-04T04:16:13.126Z
2026-09-08 04:32:04.050: [INFO] OnDoneLoading sync enabled: 0
2026-09-08 04:32:04.050: [INFO] BookmarkModelLoaded, ids_reassigned: 0
2026-09-08 04:32:04.050: [INFO] BookmarksLoadDropped droppedNodes=0
2026-09-08 04:32:04.050: [INFO] BookmarksSnapshot Startup total=0 bar=0 other=0 mobile=0 showBar=0 showBarNTP=1
2026-09-08 06:38:14.159: [INFO] BookmarksSnapshot Shutdown total=0 bar=0 other=0 mobile=0 showBar=0 showBarNTP=1
2026-09-14 13:23:39.424: [INFO] CurrentProfilePath: C:\Users\varsh\eclipse-workspace\.metadata\.plugins\org.eclipse.swt\EBWebView\Default
2026-09-14 13:23:39.424: [INFO] Profiles total count: 1
2026-09-14 13:23:39.424: [INFO] Profile: name=Profile 1 path=C:\Users\varsh\eclipse-workspace\.metadata\.plugins\org.eclipse.swt\EBWebView\Default lastActive=2026-09-04T04:16:13.126Z
2026-09-14 13:23:39.424: [INFO] LastUsedProfileDir: C:\Users\varsh\eclipse-workspace\.metadata\.plugins\org.eclipse.swt\EBWebView\Default
2026-09-14 13:23:39.424: [INFO] MostRecentlyActiveProfile: name=Profile 1 path=C:\Users\varsh\eclipse-workspace\.metadata\.plugins\org.eclipse.swt\EBWebView\Default lastActive=2026-09-04T04:16:13.126Z
2026-09-14 13:23:39.424: [INFO] OnDoneLoading sync enabled: 0
2026-09-14 13:23:39.424: [INFO] BookmarkModelLoaded, ids_reassigned: 0
2026-09-14 13:23:39.424: [INFO] BookmarksLoadDropped droppedNodes=0
2026-09-14 13:23:39.424: [INFO] BookmarksSnapshot Startup total=0 bar=0 other=0 mobile=0 showBar=0 showBarNTP=1
2026-09-15 05:31:24.537: [INFO] CurrentProfilePath: C:\Users\varsh\eclipse-workspace\.metadata\.plugins\org.eclipse.swt\EBWebView\Default
2026-09-15 05:31:24.537: [INFO] Profiles total count: 1
2026-09-15 05:31:24.537: [INFO] Profile: name=Profile 1 path=C:\Users\varsh\eclipse-workspace\.metadata\.plugins\org.eclipse.swt\EBWebView\Default lastActive=2026-09-14T14:33:06.119Z
2026-09-15 05:31:24.537: [INFO] LastUsedProfileDir: C:\Users\varsh\eclipse-workspace\.metadata\.plugins\org.eclipse.swt\EBWebView\Default
2026-09-15 05:31:24.537: [INFO] MostRecentlyActiveProfile: name=Profile 1 path=C:\Users\varsh\eclipse-workspace\.metadata\.plugins\org.eclipse.swt\EBWebView\Default lastActive=2026-09-14T14:33:06.119Z
2026-09-15 05:31:24.537: [INFO] OnDoneLoading sync enabled: 0
2026-09-15 05:31:24.537: [INFO] BookmarkModelLoaded, ids_reassigned: 0
2026-09-15 05:31:24.537: [INFO] BookmarksLoadDropped droppedNodes=0
2026-09-15 05:31:24.537: [INFO] BookmarksSnapshot Startup total=0 bar=0 other=0 mobile=0 showBar=0 showBarNTP=1
2026-09-15 05:31:36.881: [INFO] BookmarksSnapshot Shutdown total=0 bar=0 other=0 mobile=0 showBar=0 showBarNTP=1
2026-09-15 05:33:44.652: [INFO] CurrentProfilePath: C:\Users\varsh\eclipse-workspace\.metadata\.plugins\org.eclipse.swt\EBWebView\Default
2026-09-15 05:33:44.653: [INFO] Profiles total count: 1
2026-09-15 05:33:44.653: [INFO] Profile: name=Profile 1 path=C:\Users\varsh\eclipse-workspace\.metadata\.plugins\org.eclipse.swt\EBWebView\Default lastActive=2026-09-14T14:33:06.119Z
2026-09-15 05:33:44.653: [INFO] LastUsedProfileDir: C:\Users\varsh\eclipse-workspace\.metadata\.plugins\org.eclipse.swt\EBWebView\Default
2026-09-15 05:33:44.653: [INFO] MostRecentlyActiveProfile: name=Profile 1 path=C:\Users\varsh\eclipse-workspace\.metadata\.plugins\org.eclipse.swt\EBWebView\Default lastActive=2026-09-14T14:33:06.119Z
2026-09-15 05:33:44.653: [INFO] OnDoneLoading sync enabled: 0
2026-09-15 05:33:44.653: [INFO] BookmarkModelLoaded, ids_reassigned: 0
2026-09-15 05:33:44.653: [INFO] BookmarksLoadDropped droppedNodes=0
2026-09-15 05:33:44.653: [INFO] BookmarksSnapshot Startup total=0 bar=0 other=0 mobile=0 showBar=0 showBarNTP=1
2026-09-16 01:36:32.052: [INFO] BookmarksSnapshot Shutdown total=0 bar=0 other=0 mobile=0 showBar=0 showBarNTP=1
2026-09-16 03:15:26.463: [INFO] CurrentProfilePath: C:\Users\varsh\eclipse-workspace\.metadata\.plugins\org.eclipse.swt\EBWebView\Default
2026-09-16 03:15:26.463: [INFO] Profiles total count: 1
2026-09-16 03:15:26.463: [INFO] Profile: name=Profile 1 path=C:\Users\varsh\eclipse-workspace\.metadata\.plugins\org.eclipse.swt\EBWebView\Default lastActive=2026-09-14T14:33:06.119Z
2026-09-16 03:15:26.463: [INFO] LastUsedProfileDir: C:\Users\varsh\eclipse-workspace\.metadata\.plugins\org.eclipse.swt\EBWebView\Default
2026-09-16 03:15:26.463: [INFO] MostRecentlyActiveProfile: name=Profile 1 path=C:\Users\varsh\eclipse-workspace\.metadata\.plugins\org.eclipse.swt\EBWebView\Default lastActive=2026-09-14T14:33:06.119Z
2026-09-16 03:15:26.463: [INFO] OnDoneLoading sync enabled: 0
2026-09-16 03:15:26.463: [INFO] BookmarkModelLoaded, ids_reassigned: 0
2026-09-16 03:15:26.463: [INFO] BookmarksLoadDropped droppedNodes=0
2026-09-16 03:15:26.463: [INFO] BookmarksSnapshot Startup total=0 bar=0 other=0 mobile=0 showBar=0 showBarNTP=1
2026-09-16 03:16:16.473: [INFO] BookmarksSnapshot Shutdown total=0 bar=0 other=0 mobile=0 showBar=0 showBarNTP=1
2026-09-16 03:17:29.809: [INFO] CurrentProfilePath: C:\Users\varsh\eclipse-workspace\.metadata\.plugins\org.eclipse.swt\EBWebView\Default
2026-09-16 03:17:29.809: [INFO] Profiles total count: 1
2026-09-16 03:17:29.809: [INFO] Profile: name=Profile 1 path=C:\Users\varsh\eclipse-workspace\.metadata\.plugins\org.eclipse.swt\EBWebView\Default lastActive=2026-09-16T03:16:14.308Z
2026-09-16 03:17:29.809: [INFO] LastUsedProfileDir: C:\Users\varsh\eclipse-workspace\.metadata\.plugins\org.eclipse.swt\EBWebView\Default
2026-09-16 03:17:29.809: [INFO] MostRecentlyActiveProfile: name=Profile 1 path=C:\Users\varsh\eclipse-workspace\.metadata\.plugins\org.eclipse.swt\EBWebView\Default lastActive=2026-09-16T03:16:14.308Z
2026-09-16 03:17:29.809: [INFO] OnDoneLoading sync enabled: 0
2026-09-16 03:17:29.809: [INFO] BookmarkModelLoaded, ids_reassigned: 0
2026-09-16 03:17:29.809: [INFO] BookmarksLoadDropped droppedNodes=0
2026-09-16 03:17:29.809: [INFO] BookmarksSnapshot Startup total=0 bar=0 other=0 mobile=0 showBar=0 showBarNTP=1
2026-09-16 03:22:18.107: [INFO] BookmarksSnapshot Shutdown total=0 bar=0 other=0 mobile=0 showBar=0 showBarNTP=1
2026-09-16 04:59:17.560: [INFO] CurrentProfilePath: C:\Users\varsh\eclipse-workspace\.metadata\.plugins\org.eclipse.swt\EBWebView\Default
2026-09-16 04:59:17.560: [INFO] Profiles total count: 1
2026-09-16 04:59:17.560: [INFO] Profile: name=Profile 1 path=C:\Users\varsh\eclipse-workspace\.metadata\.plugins\org.eclipse.swt\EBWebView\Default lastActive=2026-09-16T03:16:14.308Z
2026-09-16 04:59:17.560: [INFO] LastUsedProfileDir: C:\Users\varsh\eclipse-workspace\.metadata\.plugins\org.eclipse.swt\EBWebView\Default
2026-09-16 04:59:17.560: [INFO] MostRecentlyActiveProfile: name=Profile 1 path=C:\Users\varsh\eclipse-workspace\.metadata\.plugins\org.eclipse.swt\EBWebView\Default lastActive=2026-09-16T03:16:14.308Z
2026-09-16 04:59:17.560: [INFO] OnDoneLoading sync enabled: 0
2026-09-16 04:59:17.560: [INFO] BookmarkModelLoaded, ids_reassigned: 0
2026-09-16 04:59:17.560: [INFO] BookmarksLoadDropped droppedNodes=0
2026-09-16 04:59:17.560: [INFO] BookmarksSnapshot Startup total=0 bar=0 other=0 mobile=0 showBar=0 showBarNTP=1
2026-09-16 05:02:25.654: [INFO] BookmarksSnapshot Shutdown total=0 bar=0 other=0 mobile=0 showBar=0 showBarNTP=1
2026-09-16 05:04:00.848: [INFO] CurrentProfilePath: C:\Users\varsh\eclipse-workspace\.metadata\.plugins\org.eclipse.swt\EBWebView\Default
2026-09-16 05:04:00.849: [INFO] Profiles total count: 1
2026-09-16 05:04:00.849: [INFO] Profile: name=Profile 1 path=C:\Users\varsh\eclipse-workspace\.metadata\.plugins\org.eclipse.swt\EBWebView\Default lastActive=2026-09-16T03:16:14.308Z
2026-09-16 05:04:00.849: [INFO] LastUsedProfileDir: C:\Users\varsh\eclipse-workspace\.metadata\.plugins\org.eclipse.swt\EBWebView\Default
2026-09-16 05:04:00.849: [INFO] MostRecentlyActiveProfile: name=Profile 1 path=C:\Users\varsh\eclipse-workspace\.metadata\.plugins\org.eclipse.swt\EBWebView\Default lastActive=2026-09-16T03:16:14.308Z
2026-09-16 05:04:00.849: [INFO] OnDoneLoading sync enabled: 0
2026-09-16 05:04:00.849: [INFO] BookmarkModelLoaded, ids_reassigned: 0
2026-09-16 05:04:00.849: [INFO] BookmarksLoadDropped droppedNodes=0
2026-09-16 05:04:00.849: [INFO] BookmarksSnapshot Startup total=0 bar=0 other=0 mobile=0 showBar=0 showBarNTP=1
2026-09-16 05:04:14.577: [INFO] BookmarksSnapshot Shutdown total=0 bar=0 other=0 mobile=0 showBar=0 showBarNTP=1
2026-09-16 05:04:23.259: [INFO] CurrentProfilePath: C:\Users\varsh\eclipse-workspace\.metadata\.plugins\org.eclipse.swt\EBWebView\Default
2026-09-16 05:04:23.260: [INFO] Profiles total count: 1
2026-09-16 05:04:23.260: [INFO] Profile: name=Profile 1 path=C:\Users\varsh\eclipse-workspace\.metadata\.plugins\org.eclipse.swt\EBWebView\Default lastActive=2026-09-16T03:16:14.308Z
2026-09-16 05:04:23.260: [INFO] LastUsedProfileDir: C:\Users\varsh\eclipse-workspace\.metadata\.plugins\org.eclipse.swt\EBWebView\Default
2026-09-16 05:04:23.260: [INFO] MostRecentlyActiveProfile: name=Profile 1 path=C:\Users\varsh\eclipse-workspace\.metadata\.plugins\org.eclipse.swt\EBWebView\Default lastActive=2026-09-16T03:16:14.308Z
2026-09-16 05:04:23.260: [INFO] OnDoneLoading sync enabled: 0
2026-09-16 05:04:23.260: [INFO] BookmarkModelLoaded, ids_reassigned: 0
2026-09-16 05:04:23.260: [INFO] BookmarksLoadDropped droppedNodes=0
2026-09-16 05:04:23.260: [INFO] BookmarksSnapshot Startup total=0 bar=0 other=0 mobile=0 showBar=0 showBarNTP=1
2026-09-16 05:05:03.355: [INFO] BookmarksSnapshot Shutdown total=0 bar=0 other=0 mobile=0 showBar=0 showBarNTP=1
2026-09-16 06:21:04.382: [INFO] CurrentProfilePath: C:\Users\varsh\eclipse-workspace\.metadata\.plugins\org.eclipse.swt\EBWebView\Default
2026-09-16 06:21:04.382: [INFO] Profiles total count: 1
2026-09-16 06:21:04.382: [INFO] Profile: name=Profile 1 path=C:\Users\varsh\eclipse-workspace\.metadata\.plugins\org.eclipse.swt\EBWebView\Default lastActive=2026-09-16T03:16:14.308Z
2026-09-16 06:21:04.382: [INFO] LastUsedProfileDir: C:\Users\varsh\eclipse-workspace\.metadata\.plugins\org.eclipse.swt\EBWebView\Default
2026-09-16 06:21:04.382: [INFO] MostRecentlyActiveProfile: name=Profile 1 path=C:\Users\varsh\eclipse-workspace\.metadata\.plugins\org.eclipse.swt\EBWebView\Default lastActive=2026-09-16T03:16:14.308Z
2026-09-16 06:21:04.382: [INFO] OnDoneLoading sync enabled: 0
2026-09-16 06:21:04.382: [INFO] BookmarkModelLoaded, ids_reassigned: 0
2026-09-16 06:21:04.382: [INFO] BookmarksLoadDropped droppedNodes=0
2026-09-16 06:21:04.382: [INFO] BookmarksSnapshot Startup total=0 bar=0 other=0 mobile=0 showBar=0 showBarNTP=1
2026-09-16 06:21:22.182: [INFO] BookmarksSnapshot Shutdown total=0 bar=0 other=0 mobile=0 showBar=0 showBarNTP=1
2026-09-16 06:21:26.631: [INFO] CurrentProfilePath: C:\Users\varsh\eclipse-workspace\.metadata\.plugins\org.eclipse.swt\EBWebView\Default
2026-09-16 06:21:26.631: [INFO] Profiles total count: 1
2026-09-16 06:21:26.631: [INFO] Profile: name=Profile 1 path=C:\Users\varsh\eclipse-workspace\.metadata\.plugins\org.eclipse.swt\EBWebView\Default lastActive=2026-09-16T03:16:14.308Z
2026-09-16 06:21:26.631: [INFO] LastUsedProfileDir: C:\Users\varsh\eclipse-workspace\.metadata\.plugins\org.eclipse.swt\EBWebView\Default
2026-09-16 06:21:26.631: [INFO] MostRecentlyActiveProfile: name=Profile 1 path=C:\Users\varsh\eclipse-workspace\.metadata\.plugins\org.eclipse.swt\EBWebView\Default lastActive=2026-09-16T03:16:14.308Z
2026-09-16 06:21:26.631: [INFO] OnDoneLoading sync enabled: 0
2026-09-16 06:21:26.631: [INFO] BookmarkModelLoaded, ids_reassigned: 0
2026-09-16 06:21:26.631: [INFO] BookmarksLoadDropped droppedNodes=0
2026-09-16 06:21:26.631: [INFO] BookmarksSnapshot Startup total=0 bar=0 other=0 mobile=0 showBar=0 showBarNTP=1
2026-09-16 06:21:30.716: [INFO] BookmarksSnapshot Shutdown total=0 bar=0 other=0 mobile=0 showBar=0 showBarNTP=1
2026-09-16 06:21:35.346: [INFO] CurrentProfilePath: C:\Users\varsh\eclipse-workspace\.metadata\.plugins\org.eclipse.swt\EBWebView\Default
2026-09-16 06:21:35.346: [INFO] Profiles total count: 1
2026-09-16 06:21:35.346: [INFO] Profile: name=Profile 1 path=C:\Users\varsh\eclipse-workspace\.metadata\.plugins\org.eclipse.swt\EBWebView\Default lastActive=2026-09-16T03:16:14.308Z
2026-09-16 06:21:35.346: [INFO] LastUsedProfileDir: C:\Users\varsh\eclipse-workspace\.metadata\.plugins\org.eclipse.swt\EBWebView\Default
2026-09-16 06:21:35.346: [INFO] MostRecentlyActiveProfile: name=Profile 1 path=C:\Users\varsh\eclipse-workspace\.metadata\.plugins\org.eclipse.swt\EBWebView\Default lastActive=2026-09-16T03:16:14.308Z
2026-09-16 06:21:35.346: [INFO] OnDoneLoading sync enabled: 0
2026-09-16 06:21:35.346: [INFO] BookmarkModelLoaded, ids_reassigned: 0
2026-09-16 06:21:35.346: [INFO] BookmarksLoadDropped droppedNodes=0
2026-09-16 06:21:35.346: [INFO] BookmarksSnapshot Startup total=0 bar=0 other=0 mobile=0 showBar=0 showBarNTP=1
2026-09-16 06:21:57.453: [INFO] BookmarksSnapshot Shutdown total=0 bar=0 other=0 mobile=0 showBar=0 showBarNTP=1
2026-09-16 06:22:09.722: [INFO] CurrentProfilePath: C:\Users\varsh\eclipse-workspace\.metadata\.plugins\org.eclipse.swt\EBWebView\Default
2026-09-16 06:22:09.722: [INFO] Profiles total count: 1
2026-09-16 06:22:09.722: [INFO] Profile: name=Profile 1 path=C:\Users\varsh\eclipse-workspace\.metadata\.plugins\org.eclipse.swt\EBWebView\Default lastActive=2026-09-16T03:16:14.308Z
2026-09-16 06:22:09.722: [INFO] LastUsedProfileDir: C:\Users\varsh\eclipse-workspace\.metadata\.plugins\org.eclipse.swt\EBWebView\Default
2026-09-16 06:22:09.722: [INFO] MostRecentlyActiveProfile: name=Profile 1 path=C:\Users\varsh\eclipse-workspace\.metadata\.plugins\org.eclipse.swt\EBWebView\Default lastActive=2026-09-16T03:16:14.308Z
2026-09-16 06:22:09.722: [INFO] OnDoneLoading sync enabled: 0
2026-09-16 06:22:09.722: [INFO] BookmarkModelLoaded, ids_reassigned: 0
2026-09-16 06:22:09.722: [INFO] BookmarksLoadDropped droppedNodes=0
2026-09-16 06:22:09.722: [INFO] BookmarksSnapshot Startup total=0 bar=0 other=0 mobile=0 showBar=0 showBarNTP=1
2026-09-16 10:07:56.909: [INFO] BookmarksSnapshot Shutdown total=0 bar=0 other=0 mobile=0 showBar=0 showBarNTP=1
2026-09-17 05:32:46.281: [INFO] CurrentProfilePath: C:\Users\varsh\eclipse-workspace\.metadata\.plugins\org.eclipse.swt\EBWebView\Default
2026-09-17 05:32:46.281: [INFO] Profiles total count: 1
2026-09-17 05:32:46.281: [INFO] Profile: name=Profile 1 path=C:\Users\varsh\eclipse-workspace\.metadata\.plugins\org.eclipse.swt\EBWebView\Default lastActive=2026-09-16T03:16:14.308Z
2026-09-17 05:32:46.281: [INFO] LastUsedProfileDir: C:\Users\varsh\eclipse-workspace\.metadata\.plugins\org.eclipse.swt\EBWebView\Default
2026-09-17 05:32:46.281: [INFO] MostRecentlyActiveProfile: name=Profile 1 path=C:\Users\varsh\eclipse-workspace\.metadata\.plugins\org.eclipse.swt\EBWebView\Default lastActive=2026-09-16T03:16:14.308Z
2026-09-17 05:32:46.282: [INFO] OnDoneLoading sync enabled: 0
2026-09-17 05:32:46.282: [INFO] BookmarkModelLoaded, ids_reassigned: 0
2026-09-17 05:32:46.282: [INFO] BookmarksLoadDropped droppedNodes=0
2026-09-17 05:32:46.282: [INFO] BookmarksSnapshot Startup total=0 bar=0 other=0 mobile=0 showBar=0 showBarNTP=1
2026-09-17 05:32:54.246: [INFO] BookmarksSnapshot Shutdown total=0 bar=0 other=0 mobile=0 showBar=0 showBarNTP=1
2026-09-17 06:16:32.324: [INFO] CurrentProfilePath: C:\Users\varsh\eclipse-workspace\.metadata\.plugins\org.eclipse.swt\EBWebView\Default
2026-09-17 06:16:32.324: [INFO] Profiles total count: 1
2026-09-17 06:16:32.325: [INFO] Profile: name=Profile 1 path=C:\Users\varsh\eclipse-workspace\.metadata\.plugins\org.eclipse.swt\EBWebView\Default lastActive=2026-09-16T03:16:14.308Z
2026-09-17 06:16:32.325: [INFO] LastUsedProfileDir: C:\Users\varsh\eclipse-workspace\.metadata\.plugins\org.eclipse.swt\EBWebView\Default
2026-09-17 06:16:32.325: [INFO] MostRecentlyActiveProfile: name=Profile 1 path=C:\Users\varsh\eclipse-workspace\.metadata\.plugins\org.eclipse.swt\EBWebView\Default lastActive=2026-09-16T03:16:14.308Z
2026-09-17 06:16:32.325: [INFO] OnDoneLoading sync enabled: 0
2026-09-17 06:16:32.325: [INFO] BookmarkModelLoaded, ids_reassigned: 0
2026-09-17 06:16:32.325: [INFO] BookmarksLoadDropped droppedNodes=0
2026-09-17 06:16:32.325: [INFO] BookmarksSnapshot Startup total=0 bar=0 other=0 mobile=0 showBar=0 showBarNTP=1
2026-09-17 06:21:23.666: [INFO] BookmarksSnapshot Shutdown total=0 bar=0 other=0 mobile=0 showBar=0 showBarNTP=1
2026-09-17 06:21:30.843: [INFO] CurrentProfilePath: C:\Users\varsh\eclipse-workspace\.metadata\.plugins\org.eclipse.swt\EBWebView\Default
2026-09-17 06:21:30.843: [INFO] Profiles total count: 1
2026-09-17 06:21:30.843: [INFO] Profile: name=Profile 1 path=C:\Users\varsh\eclipse-workspace\.metadata\.plugins\org.eclipse.swt\EBWebView\Default lastActive=2026-09-16T03:16:14.308Z
2026-09-17 06:21:30.843: [INFO] LastUsedProfileDir: C:\Users\varsh\eclipse-workspace\.metadata\.plugins\org.eclipse.swt\EBWebView\Default
2026-09-17 06:21:30.844: [INFO] MostRecentlyActiveProfile: name=Profile 1 path=C:\Users\varsh\eclipse-workspace\.metadata\.plugins\org.eclipse.swt\EBWebView\Default lastActive=2026-09-16T03:16:14.308Z
2026-09-17 06:21:30.844: [INFO] OnDoneLoading sync enabled: 0
2026-09-17 06:21:30.844: [INFO] BookmarkModelLoaded, ids_reassigned: 0
2026-09-17 06:21:30.844: [INFO] BookmarksLoadDropped droppedNodes=0
2026-09-17 06:21:30.844: [INFO] BookmarksSnapshot Startup total=0 bar=0 other=0 mobile=0 showBar=0 showBarNTP=1
2026-09-17 06:35:13.435: [INFO] BookmarksSnapshot Shutdown total=0 bar=0 other=0 mobile=0 showBar=0 showBarNTP=1
2026-09-17 06:36:10.520: [INFO] CurrentProfilePath: C:\Users\varsh\eclipse-workspace\.metadata\.plugins\org.eclipse.swt\EBWebView\Default
2026-09-17 06:36:10.520: [INFO] Profiles total count: 1
2026-09-17 06:36:10.520: [INFO] Profile: name=Profile 1 path=C:\Users\varsh\eclipse-workspace\.metadata\.plugins\org.eclipse.swt\EBWebView\Default lastActive=2026-09-16T03:16:14.308Z
2026-09-17 06:36:10.520: [INFO] LastUsedProfileDir: C:\Users\varsh\eclipse-workspace\.metadata\.plugins\org.eclipse.swt\EBWebView\Default
2026-09-17 06:36:10.521: [INFO] MostRecentlyActiveProfile: name=Profile 1 path=C:\Users\varsh\eclipse-workspace\.metadata\.plugins\org.eclipse.swt\EBWebView\Default lastActive=2026-09-16T03:16:14.308Z
2026-09-17 06:36:10.521: [INFO] OnDoneLoading sync enabled: 0
2026-09-17 06:36:10.521: [INFO] BookmarkModelLoaded, ids_reassigned: 0
2026-09-17 06:36:10.521: [INFO] BookmarksLoadDropped droppedNodes=0
2026-09-17 06:36:10.521: [INFO] BookmarksSnapshot Startup total=0 bar=0 other=0 mobile=0 showBar=0 showBarNTP=1
2026-09-17 06:37:25.827: [INFO] BookmarksSnapshot Shutdown total=0 bar=0 other=0 mobile=0 showBar=0 showBarNTP=1
2026-09-17 06:40:35.158: [INFO] CurrentProfilePath: C:\Users\varsh\eclipse-workspace\.metadata\.plugins\org.eclipse.swt\EBWebView\Default
2026-09-17 06:40:35.158: [INFO] Profiles total count: 1
2026-09-17 06:40:35.159: [INFO] Profile: name=Profile 1 path=C:\Users\varsh\eclipse-workspace\.metadata\.plugins\org.eclipse.swt\EBWebView\Default lastActive=2026-09-16T03:16:14.308Z
2026-09-17 06:40:35.159: [INFO] LastUsedProfileDir: C:\Users\varsh\eclipse-workspace\.metadata\.plugins\org.eclipse.swt\EBWebView\Default
2026-09-17 06:40:35.159: [INFO] MostRecentlyActiveProfile: name=Profile 1 path=C:\Users\varsh\eclipse-workspace\.metadata\.plugins\org.eclipse.swt\EBWebView\Default lastActive=2026-09-16T03:16:14.308Z
2026-09-17 06:40:35.159: [INFO] OnDoneLoading sync enabled: 0
2026-09-17 06:40:35.159: [INFO] BookmarkModelLoaded, ids_reassigned: 0
2026-09-17 06:40:35.159: [INFO] BookmarksLoadDropped droppedNodes=0
2026-09-17 06:40:35.159: [INFO] BookmarksSnapshot Startup total=0 bar=0 other=0 mobile=0 showBar=0 showBarNTP=1
2026-09-17 06:40:49.951: [INFO] BookmarksSnapshot Shutdown total=0 bar=0 other=0 mobile=0 showBar=0 showBarNTP=1
2026-09-17 06:40:51.631: [INFO] CurrentProfilePath: C:\Users\varsh\eclipse-workspace\.metadata\.plugins\org.eclipse.swt\EBWebView\Default
2026-09-17 06:40:51.631: [INFO] Profiles total count: 1
2026-09-17 06:40:51.631: [INFO] Profile: name=Profile 1 path=C:\Users\varsh\eclipse-workspace\.metadata\.plugins\org.eclipse.swt\EBWebView\Default lastActive=2026-09-16T03:16:14.308Z
2026-09-17 06:40:51.631: [INFO] LastUsedProfileDir: C:\Users\varsh\eclipse-workspace\.metadata\.plugins\org.eclipse.swt\EBWebView\Default
2026-09-17 06:40:51.631: [INFO] MostRecentlyActiveProfile: name=Profile 1 path=C:\Users\varsh\eclipse-workspace\.metadata\.plugins\org.eclipse.swt\EBWebView\Default lastActive=2026-09-16T03:16:14.308Z
2026-09-17 06:40:51.631: [INFO] OnDoneLoading sync enabled: 0
2026-09-17 06:40:51.631: [INFO] BookmarkModelLoaded, ids_reassigned: 0
2026-09-17 06:40:51.631: [INFO] BookmarksLoadDropped droppedNodes=0
2026-09-17 06:40:51.631: [INFO] BookmarksSnapshot Startup total=0 bar=0 other=0 mobile=0 showBar=0 showBarNTP=1
2026-09-17 06:41:14.734: [INFO] BookmarksSnapshot Shutdown total=0 bar=0 other=0 mobile=0 showBar=0 showBarNTP=1
2026-09-17 06:44:21.242: [INFO] CurrentProfilePath: C:\Users\varsh\eclipse-workspace\.metadata\.plugins\org.eclipse.swt\EBWebView\Default
2026-09-17 06:44:21.242: [INFO] Profiles total count: 1
2026-09-17 06:44:21.243: [INFO] Profile: name=Profile 1 path=C:\Users\varsh\eclipse-workspace\.metadata\.plugins\org.eclipse.swt\EBWebView\Default lastActive=2026-09-16T03:16:14.308Z
2026-09-17 06:44:21.243: [INFO] LastUsedProfileDir: C:\Users\varsh\eclipse-workspace\.metadata\.plugins\org.eclipse.swt\EBWebView\Default
2026-09-17 06:44:21.243: [INFO] MostRecentlyActiveProfile: name=Profile 1 path=C:\Users\varsh\eclipse-workspace\.metadata\.plugins\org.eclipse.swt\EBWebView\Default lastActive=2026-09-16T03:16:14.308Z
2026-09-17 06:44:21.243: [INFO] OnDoneLoading sync enabled: 0
2026-09-17 06:44:21.243: [INFO] BookmarkModelLoaded, ids_reassigned: 0
2026-09-17 06:44:21.243: [INFO] BookmarksLoadDropped droppedNodes=0
2026-09-17 06:44:21.243: [INFO] BookmarksSnapshot Startup total=0 bar=0 other=0 mobile=0 showBar=0 showBarNTP=1
2026-09-17 09:49:57.115: [INFO] BookmarksSnapshot Shutdown total=0 bar=0 other=0 mobile=0 showBar=0 showBarNTP=1
2026-09-18 03:01:26.846: [INFO] CurrentProfilePath: C:\Users\varsh\eclipse-workspace\.metadata\.plugins\org.eclipse.swt\EBWebView\Default
2026-09-18 03:01:26.846: [INFO] Profiles total count: 1
2026-09-18 03:01:26.846: [INFO] Profile: name=Profile 1 path=C:\Users\varsh\eclipse-workspace\.metadata\.plugins\org.eclipse.swt\EBWebView\Default lastActive=2026-09-16T03:16:14.308Z
2026-09-18 03:01:26.846: [INFO] LastUsedProfileDir: C:\Users\varsh\eclipse-workspace\.metadata\.plugins\org.eclipse.swt\EBWebView\Default
2026-09-18 03:01:26.846: [INFO] MostRecentlyActiveProfile: name=Profile 1 path=C:\Users\varsh\eclipse-workspace\.metadata\.plugins\org.eclipse.swt\EBWebView\Default lastActive=2026-09-16T03:16:14.308Z
2026-09-18 03:01:26.846: [INFO] OnDoneLoading sync enabled: 0
2026-09-18 03:01:26.846: [INFO] BookmarkModelLoaded, ids_reassigned: 0
2026-09-18 03:01:26.846: [INFO] BookmarksLoadDropped droppedNodes=0
2026-09-18 03:01:26.846: [INFO] BookmarksSnapshot Startup total=0 bar=0 other=0 mobile=0 showBar=0 showBarNTP=1
2026-09-18 03:01:29.805: [INFO] BookmarksSnapshot Shutdown total=0 bar=0 other=0 mobile=0 showBar=0 showBarNTP=1
2026-09-18 03:15:25.472: [INFO] CurrentProfilePath: C:\Users\varsh\eclipse-workspace\.metadata\.plugins\org.eclipse.swt\EBWebView\Default
2026-09-18 03:15:25.472: [INFO] Profiles total count: 1
2026-09-18 03:15:25.472: [INFO] Profile: name=Profile 1 path=C:\Users\varsh\eclipse-workspace\.metadata\.plugins\org.eclipse.swt\EBWebView\Default lastActive=2026-09-16T03:16:14.308Z
2026-09-18 03:15:25.472: [INFO] LastUsedProfileDir: C:\Users\varsh\eclipse-workspace\.metadata\.plugins\org.eclipse.swt\EBWebView\Default
2026-09-18 03:15:25.472: [INFO] MostRecentlyActiveProfile: name=Profile 1 path=C:\Users\varsh\eclipse-workspace\.metadata\.plugins\org.eclipse.swt\EBWebView\Default lastActive=2026-09-16T03:16:14.308Z
2026-09-18 03:15:25.472: [INFO] OnDoneLoading sync enabled: 0
2026-09-18 03:15:25.472: [INFO] BookmarkModelLoaded, ids_reassigned: 0
2026-09-18 03:15:25.472: [INFO] BookmarksLoadDropped droppedNodes=0
2026-09-18 03:15:25.472: [INFO] BookmarksSnapshot Startup total=0 bar=0 other=0 mobile=0 showBar=0 showBarNTP=1
2026-09-18 03:29:08.187: [INFO] BookmarksSnapshot Shutdown total=0 bar=0 other=0 mobile=0 showBar=0 showBarNTP=1
2026-09-19 03:58:47.952: [INFO] CurrentProfilePath: C:\Users\varsh\eclipse-workspace\.metadata\.plugins\org.eclipse.swt\EBWebView\Default
2026-09-19 03:58:47.952: [INFO] Profiles total count: 1
2026-09-19 03:58:47.952: [INFO] Profile: name=Profile 1 path=C:\Users\varsh\eclipse-workspace\.metadata\.plugins\org.eclipse.swt\EBWebView\Default lastActive=2026-09-16T03:16:14.308Z
2026-09-19 03:58:47.952: [INFO] LastUsedProfileDir: C:\Users\varsh\eclipse-workspace\.metadata\.plugins\org.eclipse.swt\EBWebView\Default
2026-09-19 03:58:47.952: [INFO] MostRecentlyActiveProfile: name=Profile 1 path=C:\Users\varsh\eclipse-workspace\.metadata\.plugins\org.eclipse.swt\EBWebView\Default lastActive=2026-09-16T03:16:14.308Z
2026-09-19 03:58:47.952: [INFO] OnDoneLoading sync enabled: 0
2026-09-19 03:58:47.952: [INFO] BookmarkModelLoaded, ids_reassigned: 0
2026-09-19 03:58:47.952: [INFO] BookmarksLoadDropped droppedNodes=0
2026-09-19 03:58:47.952: [INFO] BookmarksSnapshot Startup total=0 bar=0 other=0 mobile=0 showBar=0 showBarNTP=1
2026-09-19 03:58:52.775: [INFO] BookmarksSnapshot Shutdown total=0 bar=0 other=0 mobile=0 showBar=0 showBarNTP=1
2026-09-19 04:00:18.736: [INFO] CurrentProfilePath: C:\Users\varsh\eclipse-workspace\.metadata\.plugins\org.eclipse.swt\EBWebView\Default
2026-09-19 04:00:18.736: [INFO] Profiles total count: 1
2026-09-19 04:00:18.736: [INFO] Profile: name=Profile 1 path=C:\Users\varsh\eclipse-workspace\.metadata\.plugins\org.eclipse.swt\EBWebView\Default lastActive=2026-09-16T03:16:14.308Z
2026-09-19 04:00:18.736: [INFO] LastUsedProfileDir: C:\Users\varsh\eclipse-workspace\.metadata\.plugins\org.eclipse.swt\EBWebView\Default
2026-09-19 04:00:18.736: [INFO] MostRecentlyActiveProfile: name=Profile 1 path=C:\Users\varsh\eclipse-workspace\.metadata\.plugins\org.eclipse.swt\EBWebView\Default lastActive=2026-09-16T03:16:14.308Z
2026-09-19 04:00:18.736: [INFO] OnDoneLoading sync enabled: 0
2026-09-19 04:00:18.736: [INFO] BookmarkModelLoaded, ids_reassigned: 0
2026-09-19 04:00:18.736: [INFO] BookmarksLoadDropped droppedNodes=0
2026-09-19 04:00:18.736: [INFO] BookmarksSnapshot Startup total=0 bar=0 other=0 mobile=0 showBar=0 showBarNTP=1
2026-09-20 04:54:23.563: [INFO] BookmarksSnapshot Shutdown total=0 bar=0 other=0 mobile=0 showBar=0 showBarNTP=1
